1225,24,48,5.672127,2.828038,
-0.034387,1.414019,
-0.034387,1.414019,
-0.034387,1.414019,
-0.034387,1.414019,
-0.034387,1.414019,
-0.034387,1.414019,
-0.034387,1.414019,
-0.034387,1.414019,
-0.034387,1.414019,
-0.034387,1.414019,
-0.034387,1.414019,
-0.034387,1.414019,
-0.034387,1.414019,
-0.034387,1.414019,
-0.034387,1.414019,
-0.034387,1.414019,
-0.034387,1.414019,
-0.034387,1.414019,
-0.034387,1.414019,
-0.034387,1.414019,
-0.034387,1.414019,
-0.034387,1.414019,
-0.034387,1.414019,
-0.034387,1.414019,
-0.034387,1.414019,
-0.034387,1.414019,
-0.034387,1.414019,
-0.034387,1.414019,
-0.034387,1.414019,
-0.034387,1.414019,
-0.034387,1.414019,
-0.034387,1.414019,
-0.034387,1.414019,
-0.034387,1.414019,
-0.034387,1.414019,
-0.034387,1.414019,
-0.034387,1.414019,
-0.034387,1.414019,
-0.034387,1.414019,
-0.034387,1.414019,
-0.034387,1.414019,
-0.034387,1.414019,
-0.034387,1.414019,
-0.034387,1.414019,
-0.034387,1.414019,
-0.034387,1.414019,
-0.034387,1.414019,
-0.034387,1.414019,
-0.034387,1.414019,
-0.404912,1.395988,
-0.402852,1.386856,
-0.398919,1.380716,
-0.393388,1.375042,
-0.386372,1.369581,
-0.377935,1.364332,
-0.368131,1.359305,
-0.357015,1.354502,
-0.344645,1.349944,
-0.331080,1.345639,
-0.316384,1.341604,
-0.300623,1.337849,
-0.283865,1.334383,
-0.266182,1.331217,
-0.247645,1.328357,
-0.228329,1.325807,
-0.208305,1.323569,
-0.187651,1.321648,
-0.166451,1.320059,
-0.144780,1.318798,
-0.122705,1.317853,
-0.100312,1.317239,
-0.077687,1.316960,
-0.054901,1.317012,
-0.032036,1.317399,
-0.009178,1.318124,
0.013583,1.319179,
0.036168,1.320558,
0.058504,1.322260,
0.080507,1.324276,
0.102091,1.326590,
0.123189,1.329207,
0.143725,1.332129,
0.163617,1.335338,
0.182786,1.338824,
0.201162,1.342581,
0.218670,1.346603,
0.235240,1.350880,
0.250800,1.355397,
0.265282,1.360141,
0.278622,1.365100,
0.290756,1.370254,
0.301626,1.375592,
0.311173,1.381089,
0.319346,1.386742,
0.326087,1.392538,
0.331337,1.398474,
0.334966,1.404798,
0.336580,1.414019,
-0.766728,1.354767,
-0.760313,1.336926,
-0.749733,1.325306,
-0.736096,1.314733,
-0.719769,1.304732,
-0.700899,1.295212,
-0.679614,1.286180,
-0.656046,1.277658,
-0.630324,1.269663,
-0.602571,1.262192,
-0.572915,1.255255,
-0.541486,1.248859,
-0.508411,1.243007,
-0.473819,1.237702,
-0.437839,1.232948,
-0.400599,1.228746,
-0.362224,1.225094,
-0.322843,1.221992,
-0.282583,1.219442,
-0.241567,1.217441,
-0.199920,1.215988,
-0.157767,1.215086,
-0.115238,1.214738,
-0.072460,1.214945,
-0.029563,1.215710,
0.013321,1.217031,
0.056058,1.218903,
0.098520,1.221318,
0.140579,1.224268,
0.182107,1.227744,
0.222976,1.231736,
0.263065,1.236240,
0.302249,1.241252,
0.340401,1.246765,
0.377393,1.252773,
0.413099,1.259270,
0.447392,1.266249,
0.480144,1.273702,
0.511225,1.281618,
0.540508,1.289989,
0.567866,1.298800,
0.593169,1.308035,
0.616295,1.317693,
0.637115,1.327750,
0.655501,1.338175,
0.671322,1.348957,
0.684429,1.360182,
0.694432,1.372302,
0.699972,1.390433,
-1.113644,1.290188,
-1.100993,1.264346,
-1.081537,1.248223,
-1.057854,1.233839,
-1.030584,1.220383,
-0.999987,1.207710,
-0.966274,1.195829,
-0.929640,1.184741,
-0.890264,1.174422,
-0.848329,1.164868,
-0.804015,1.156079,
-0.757499,1.148046,
-0.708951,1.140760,
-0.658542,1.134215,
-0.606438,1.128404,
-0.552802,1.123316,
-0.497794,1.118943,
-0.441571,1.115275,
-0.384289,1.112305,
-0.326103,1.110028,
-0.267165,1.108437,
-0.207629,1.107530,
-0.147648,1.107305,
-0.087376,1.107759,
-0.026965,1.108890,
0.033429,1.110696,
0.093652,1.113172,
0.153551,1.116313,
0.212973,1.120113,
0.271764,1.124566,
0.329770,1.129669,
0.386840,1.135420,
0.442818,1.141816,
0.497549,1.148858,
0.550874,1.156547,
0.602634,1.164884,
0.652666,1.173871,
0.700802,1.183508,
0.746873,1.193793,
0.790706,1.204725,
0.832128,1.216306,
0.870956,1.228527,
0.907008,1.241382,
0.940103,1.254888,
0.970048,1.269033,
0.996631,1.283799,
1.019587,1.299317,
1.038237,1.316367,
1.049617,1.342793,
-1.440594,1.204454,
-1.419909,1.171624,
-1.389752,1.152218,
-1.354693,1.135230,
-1.315553,1.119520,
-1.272641,1.104885,
-1.226203,1.091271,
-1.176489,1.078675,
-1.123722,1.067061,
-1.068118,1.056397,
-1.009891,1.046666,
-0.949246,1.037844,
-0.886378,1.029909,
-0.821481,1.022839,
-0.754740,1.016617,
-0.686337,1.011222,
-0.616449,1.006638,
-0.545250,1.002847,
-0.472909,0.999836,
-0.399596,0.997593,
-0.325478,0.996109,
-0.250721,0.995374,
-0.175489,0.995382,
-0.099947,0.996127,
-0.024259,0.997604,
0.051411,0.999808,
0.126900,1.002735,
0.202044,1.006384,
0.276677,1.010752,
0.350635,1.015837,
0.423752,1.021641,
0.495861,1.028164,
0.566792,1.035411,
0.636374,1.043387,
0.704434,1.052100,
0.770794,1.061559,
0.835271,1.071775,
0.897678,1.082756,
0.957824,1.094516,
1.015509,1.107066,
1.070528,1.120419,
1.122669,1.134585,
1.171711,1.149582,
1.217433,1.165438,
1.259583,1.182140,
1.297912,1.199734,
1.332105,1.218406,
1.361283,1.239255,
1.380348,1.273051,
-1.742859,1.098186,
-1.712478,1.059740,
-1.670348,1.038539,
-1.623257,1.020293,
-1.571948,1.003567,
-1.516706,0.988129,
-1.457802,0.973905,
-1.395496,0.960845,
-1.330036,0.948902,
-1.261657,0.938030,
-1.190582,0.928188,
-1.117027,0.919339,
-1.041197,0.911447,
-0.963293,0.904481,
-0.883506,0.898409,
-0.802024,0.893206,
-0.719029,0.888847,
-0.634699,0.885309,
-0.549209,0.882573,
-0.462732,0.880623,
-0.375438,0.879443,
-0.287496,0.879022,
-0.199074,0.879348,
-0.110337,0.880413,
-0.021453,0.882211,
0.067414,0.884736,
0.156097,0.887985,
0.244431,0.891957,
0.332248,0.896652,
0.419381,0.902074,
0.505661,0.908225,
0.590917,0.915113,
0.674975,0.922745,
0.757661,0.931134,
0.838794,0.940291,
0.918191,0.950233,
0.995665,0.960979,
1.071021,0.972547,
1.144059,0.984961,
1.214571,0.998245,
1.282342,1.012428,
1.347144,1.027539,
1.408741,1.043612,
1.466884,1.060682,
1.521310,1.078787,
1.571746,1.097987,
1.617895,1.118501,
1.658944,1.141724,
1.687421,1.181601,
-2.016226,0.973309,
-1.974684,0.930992,
-1.920052,0.909638,
-1.860983,0.891433,
-1.797825,0.874874,
-1.730795,0.859723,
-1.660152,0.845880,
-1.586158,0.833271,
-1.509060,0.821834,
-1.429091,0.811510,
-1.346472,0.802243,
-1.261415,0.793986,
-1.174121,0.786694,
-1.084787,0.780326,
-0.993600,0.774846,
-0.900746,0.770220,
-0.806402,0.766419,
-0.710744,0.763417,
-0.613945,0.761190,
-0.516174,0.759718,
-0.417599,0.758984,
-0.318385,0.758973,
-0.218698,0.759671,
-0.118701,0.761070,
-0.018558,0.763161,
0.081568,0.765940,
0.181515,0.769403,
0.281118,0.773551,
0.380214,0.778385,
0.478637,0.783909,
0.576221,0.790132,
0.672798,0.797061,
0.768196,0.804709,
0.862244,0.813091,
0.954764,0.822225,
1.045576,0.832131,
1.134495,0.842834,
1.221331,0.854360,
1.305887,0.866742,
1.387958,0.880013,
1.467331,0.894212,
1.543782,0.909383,
1.617075,0.925573,
1.686961,0.942834,
1.753176,0.961225,
1.815455,0.980835,
1.873568,1.001889,
1.927098,1.025873,
1.966534,1.070159,
-2.256572,0.831232,
-2.202632,0.787178,
-2.135771,0.767356,
-2.065424,0.750445,
-1.991275,0.735180,
-1.913459,0.721327,
-1.832215,0.708776,
-1.747786,0.697443,
-1.660400,0.687255,
-1.570275,0.678142,
-1.477618,0.670046,
-1.382625,0.662909,
-1.285487,0.656685,
-1.186387,0.651328,
-1.085504,0.646798,
-0.983013,0.643060,
-0.879083,0.640082,
-0.773883,0.637837,
-0.667578,0.636299,
-0.560331,0.635447,
-0.452304,0.635263,
-0.343656,0.635730,
-0.234548,0.636837,
-0.125139,0.638572,
-0.015586,0.640928,
0.093952,0.643899,
0.203317,0.647484,
0.312350,0.651683,
0.420892,0.656497,
0.528782,0.661931,
0.635861,0.667995,
0.741966,0.674698,
0.846933,0.682054,
0.950594,0.690080,
1.052783,0.698795,
1.153326,0.708223,
1.252048,0.718391,
1.348769,0.729330,
1.443303,0.741075,
1.535458,0.753666,
1.625033,0.767148,
1.711820,0.781572,
1.795599,0.796995,
1.876136,0.813480,
1.953187,0.831099,
2.026506,0.849950,
2.095948,0.870260,
2.161767,0.893309,
2.213502,0.939933,
-2.460204,0.673717,
-2.392979,0.630713,
-2.315048,0.613999,
-2.234693,0.599489,
-2.150873,0.586500,
-2.063675,0.574821,
-1.973304,0.564344,
-1.879970,0.554981,
-1.783875,0.546655,
-1.685213,0.539299,
-1.584167,0.532852,
-1.480915,0.527258,
-1.375632,0.522470,
-1.268484,0.518444,
-1.159637,0.515140,
-1.049253,0.512525,
-0.937492,0.510569,
-0.824512,0.509243,
-0.710469,0.508524,
-0.595520,0.508393,
-0.479817,0.508830,
-0.363515,0.509821,
-0.246768,0.511354,
-0.129728,0.513419,
-0.012548,0.516008,
0.104619,0.519118,
0.221622,0.522744,
0.338305,0.526887,
0.454518,0.531550,
0.570105,0.536738,
0.684912,0.542456,
0.798785,0.548717,
0.911567,0.555533,
1.023101,0.562920,
1.133227,0.570897,
1.241785,0.579487,
1.348610,0.588716,
1.453537,0.598616,
1.556395,0.609222,
1.657008,0.620573,
1.755196,0.632716,
1.850772,0.645703,
1.943541,0.659591,
2.033296,0.674449,
2.119824,0.690352,
2.202913,0.707400,
2.282468,0.725799,
2.359494,0.746281,
2.424549,0.792502,
-2.623545,0.502448,
-2.542734,0.464156,
-2.455742,0.451789,
-2.367113,0.440610,
-2.275350,0.430740,
-2.180517,0.421974,
-2.082776,0.414217,
-1.982304,0.407389,
-1.879270,0.401421,
-1.773840,0.396253,
-1.666176,0.391830,
-1.556434,0.388104,
-1.444769,0.385033,
-1.331334,0.382578,
-1.216281,0.380705,
-1.099760,0.379385,
-0.981919,0.378590,
-0.862907,0.378298,
-0.742873,0.378489,
-0.621964,0.379143,
-0.500327,0.380247,
-0.378111,0.381786,
-0.255462,0.383750,
-0.132529,0.386131,
-0.009458,0.388921,
0.113604,0.392116,
0.236508,0.395714,
0.359107,0.399713,
0.481253,0.404116,
0.602800,0.408926,
0.723598,0.414149,
0.843500,0.419794,
0.962356,0.425870,
1.080019,0.432391,
1.196339,0.439373,
1.311165,0.446836,
1.424346,0.454802,
1.535730,0.463298,
1.645161,0.472353,
1.752483,0.482004,
1.857537,0.492291,
1.960159,0.503259,
2.060181,0.514963,
2.157429,0.527461,
2.251724,0.540827,
2.342899,0.555145,
2.430880,0.570619,
2.517168,0.587200,
2.596022,0.629374,
-2.743000,0.319415,
-2.649636,0.290460,
-2.556220,0.283090,
-2.461419,0.275989,
-2.363771,0.269891,
-2.263317,0.264600,
-2.160183,0.260048,
-2.054512,0.256173,
-1.946447,0.252925,
-1.836129,0.250255,
-1.723698,0.248123,
-1.609294,0.246493,
-1.493057,0.245331,
-1.375127,0.244611,
-1.255642,0.244305,
-1.134743,0.244392,
-1.012571,0.244850,
-0.889266,0.245664,
-0.764969,0.246816,
-0.639823,0.248293,
-0.513968,0.250084,
-0.387549,0.252177,
-0.260707,0.254565,
-0.133585,0.257239,
-0.006327,0.260195,
0.120924,0.263428,
0.248026,0.266936,
0.374834,0.270716,
0.501205,0.274770,
0.626998,0.279099,
0.752068,0.283707,
0.876274,0.288597,
0.999473,0.293778,
1.121523,0.299258,
1.242283,0.305048,
1.361612,0.311161,
1.479368,0.317613,
1.595411,0.324423,
1.709600,0.331612,
1.821794,0.339206,
1.931852,0.347235,
2.039632,0.355732,
2.144990,0.364738,
2.247781,0.374298,
2.347859,0.384466,
2.445095,0.395303,
2.539439,0.407003,
2.632386,0.418905,
2.724232,0.452363,
-2.814879,0.127476,
-2.712323,0.112681,
-2.615292,0.110320,
-2.516700,0.107843,
-2.415470,0.105947,
-2.311604,0.104498,
-2.205208,0.103463,
-2.096403,0.102808,
-1.985311,0.102502,
-1.872059,0.102521,
-1.756772,0.102840,
-1.639578,0.103439,
-1.520607,0.104299,
-1.399989,0.105405,
-1.277858,0.106740,
-1.154346,0.108292,
-1.029589,0.110048,
-0.903721,0.111998,
-0.776881,0.114132,
-0.649206,0.116442,
-0.520834,0.118919,
-0.391904,0.121556,
-0.262557,0.124347,
-0.132932,0.127288,
-0.003170,0.130373,
0.126588,0.133599,
0.256203,0.136962,
0.385533,0.140461,
0.514438,0.144094,
0.642779,0.147859,
0.770415,0.151759,
0.897209,0.155792,
1.023023,0.159962,
1.147718,0.164272,
1.271159,0.168725,
1.393211,0.173328,
1.513740,0.178087,
1.632612,0.183010,
1.749697,0.188108,
1.864863,0.193393,
1.977983,0.198879,
2.088928,0.204584,
2.197573,0.210527,
2.303793,0.216732,
2.407465,0.223228,
2.508484,0.230043,
2.606838,0.237308,
2.703640,0.244383,
2.805356,0.264145,
-2.836063,-0.068965,
-2.730330,-0.066394,
-2.632234,-0.064008,
-2.532435,-0.061581,
-2.430066,-0.059092,
-2.325116,-0.056540,
-2.217682,-0.053928,
-2.107878,-0.051257,
-1.995821,-0.048532,
-1.881631,-0.045756,
-1.765429,-0.042930,
-1.647339,-0.040058,
-1.527488,-0.037144,
-1.406004,-0.034190,
-1.283017,-0.031199,
-1.158658,-0.028175,
-1.033060,-0.025121,
-0.906357,-0.022039,
-0.778685,-0.018935,
-0.650180,-0.015810,
-0.520981,-0.012668,
-0.391224,-0.009513,
-0.261048,-0.006347,
-0.130594,-0.003175,
0.000000,0.000001,
0.130594,0.003176,
0.261048,0.006349,
0.391224,0.009514,
0.520981,0.012670,
0.650180,0.015811,
0.778685,0.018936,
0.906357,0.022041,
1.033060,0.025122,
1.158658,0.028176,
1.283017,0.031200,
1.406004,0.034191,
1.527488,0.037145,
1.647339,0.040060,
1.765429,0.042931,
1.881631,0.045757,
1.995821,0.048534,
2.107878,0.051259,
2.217682,0.053929,
2.325116,0.056541,
2.430066,0.059094,
2.532435,0.061583,
2.632234,0.064010,
2.730330,0.066395,
2.836063,0.068966,
-2.805356,-0.264144,
-2.703640,-0.244382,
-2.606838,-0.237307,
-2.508484,-0.230041,
-2.407465,-0.223226,
-2.303793,-0.216731,
-2.197573,-0.210526,
-2.088928,-0.204582,
-1.977983,-0.198878,
-1.864863,-0.193392,
-1.749697,-0.188107,
-1.632612,-0.183009,
-1.513740,-0.178085,
-1.393211,-0.173327,
-1.271159,-0.168724,
-1.147718,-0.164271,
-1.023023,-0.159961,
-0.897209,-0.155791,
-0.770415,-0.151757,
-0.642779,-0.147858,
-0.514438,-0.144092,
-0.385533,-0.140459,
-0.256203,-0.136961,
-0.126588,-0.133597,
0.003170,-0.130372,
0.132932,-0.127286,
0.262557,-0.124346,
0.391904,-0.121554,
0.520834,-0.118917,
0.649206,-0.116440,
0.776881,-0.114131,
0.903721,-0.111997,
1.029589,-0.110047,
1.154346,-0.108290,
1.277858,-0.106738,
1.399989,-0.105403,
1.520607,-0.104298,
1.639578,-0.103437,
1.756772,-0.102838,
1.872059,-0.102519,
1.985311,-0.102501,
2.096403,-0.102806,
2.205208,-0.103462,
2.311604,-0.104496,
2.415470,-0.105945,
2.516700,-0.107842,
2.615292,-0.110318,
2.712323,-0.112680,
2.814879,-0.127474,
-2.724232,-0.452362,
-2.632386,-0.418904,
-2.539439,-0.407001,
-2.445095,-0.395301,
-2.347859,-0.384464,
-2.247781,-0.374296,
-2.144990,-0.364737,
-2.039632,-0.355731,
-1.931852,-0.347233,
-1.821794,-0.339205,
-1.709600,-0.331611,
-1.595411,-0.324421,
-1.479368,-0.317612,
-1.361612,-0.311160,
-1.242283,-0.305046,
-1.121523,-0.299257,
-0.999473,-0.293777,
-0.876274,-0.288596,
-0.752068,-0.283705,
-0.626998,-0.279098,
-0.501205,-0.274769,
-0.374834,-0.270715,
-0.248026,-0.266934,
-0.120924,-0.263427,
0.006327,-0.260194,
0.133585,-0.257238,
0.260707,-0.254563,
0.387549,-0.252176,
0.513968,-0.250082,
0.639823,-0.248292,
0.764969,-0.246815,
0.889266,-0.245662,
1.012571,-0.244849,
1.134743,-0.244390,
1.255642,-0.244303,
1.375127,-0.244609,
1.493057,-0.245330,
1.609294,-0.246491,
1.723698,-0.248122,
1.836129,-0.250254,
1.946447,-0.252923,
2.054512,-0.256172,
2.160183,-0.260046,
2.263317,-0.264598,
2.363771,-0.269890,
2.461419,-0.275987,
2.556220,-0.283088,
2.649636,-0.290459,
2.743000,-0.319413,
-2.596022,-0.629372,
-2.517168,-0.587198,
-2.430880,-0.570618,
-2.342899,-0.555144,
-2.251724,-0.540825,
-2.157429,-0.527460,
-2.060181,-0.514961,
-1.960159,-0.503258,
-1.857537,-0.492289,
-1.752483,-0.482003,
-1.645161,-0.472352,
-1.535730,-0.463296,
-1.424346,-0.454801,
-1.311165,-0.446835,
-1.196339,-0.439372,
-1.080019,-0.432390,
-0.962356,-0.425868,
-0.843500,-0.419792,
-0.723598,-0.414148,
-0.602800,-0.408925,
-0.481253,-0.404115,
-0.359107,-0.399712,
-0.236508,-0.395712,
-0.113604,-0.392114,
0.009458,-0.388919,
0.132529,-0.386129,
0.255462,-0.383749,
0.378111,-0.381784,
0.500327,-0.380245,
0.621964,-0.379142,
0.742873,-0.378487,
0.862907,-0.378297,
0.981919,-0.378589,
1.099760,-0.379383,
1.216281,-0.380703,
1.331334,-0.382576,
1.444769,-0.385031,
1.556434,-0.388103,
1.666176,-0.391829,
1.773840,-0.396252,
1.879270,-0.401420,
1.982304,-0.407387,
2.082776,-0.414215,
2.180517,-0.421972,
2.275350,-0.430739,
2.367113,-0.440609,
2.455742,-0.451788,
2.542734,-0.464154,
2.623545,-0.502446,
-2.424549,-0.792500,
-2.359494,-0.746279,
-2.282468,-0.725797,
-2.202913,-0.707398,
-2.119824,-0.690351,
-2.033296,-0.674447,
-1.943541,-0.659590,
-1.850772,-0.645701,
-1.755196,-0.632715,
-1.657008,-0.620572,
-1.556395,-0.609220,
-1.453537,-0.598615,
-1.348610,-0.588715,
-1.241785,-0.579485,
-1.133227,-0.570895,
-1.023101,-0.562918,
-0.911567,-0.555532,
-0.798785,-0.548716,
-0.684912,-0.542455,
-0.570105,-0.536736,
-0.454518,-0.531549,
-0.338305,-0.526886,
-0.221622,-0.522743,
-0.104619,-0.519116,
0.012548,-0.516007,
0.129728,-0.513417,
0.246768,-0.511353,
0.363515,-0.509820,
0.479817,-0.508828,
0.595520,-0.508391,
0.710469,-0.508523,
0.824512,-0.509241,
0.937492,-0.510567,
1.049253,-0.512524,
1.159637,-0.515139,
1.268484,-0.518442,
1.375632,-0.522468,
1.480915,-0.527257,
1.584167,-0.532850,
1.685213,-0.539298,
1.783875,-0.546654,
1.879970,-0.554979,
1.973304,-0.564342,
2.063675,-0.574820,
2.150873,-0.586499,
2.234693,-0.599487,
2.315048,-0.613998,
2.392979,-0.630712,
2.460204,-0.673716,
-2.213502,-0.939931,
-2.161767,-0.893308,
-2.095948,-0.870259,
-2.026506,-0.849949,
-1.953187,-0.831098,
-1.876136,-0.813478,
-1.795599,-0.796993,
-1.711820,-0.781571,
-1.625033,-0.767146,
-1.535458,-0.753664,
-1.443303,-0.741073,
-1.348769,-0.729328,
-1.252048,-0.718390,
-1.153326,-0.708222,
-1.052783,-0.698794,
-0.950594,-0.690079,
-0.846932,-0.682053,
-0.741966,-0.674697,
-0.635861,-0.667994,
-0.528782,-0.661930,
-0.420892,-0.656495,
-0.312350,-0.651681,
-0.203317,-0.647483,
-0.093952,-0.643898,
0.015586,-0.640926,
0.125139,-0.638570,
0.234548,-0.636835,
0.343656,-0.635729,
0.452304,-0.635261,
0.560331,-0.635446,
0.667578,-0.636297,
0.773883,-0.637835,
0.879083,-0.640081,
0.983013,-0.643058,
1.085504,-0.646796,
1.186387,-0.651326,
1.285487,-0.656683,
1.382625,-0.662908,
1.477618,-0.670044,
1.570275,-0.678141,
1.660400,-0.687253,
1.747786,-0.697442,
1.832215,-0.708774,
1.913459,-0.721325,
1.991275,-0.735179,
2.065424,-0.750444,
2.135771,-0.767354,
2.202632,-0.787177,
2.256572,-0.831231,
-1.966534,-1.070158,
-1.927098,-1.025872,
-1.873568,-1.001888,
-1.815455,-0.980833,
-1.753176,-0.961224,
-1.686961,-0.942833,
-1.617075,-0.925572,
-1.543782,-0.909382,
-1.467331,-0.894211,
-1.387958,-0.880011,
-1.305887,-0.866740,
-1.221331,-0.854359,
-1.134495,-0.842832,
-1.045576,-0.832129,
-0.954764,-0.822223,
-0.862244,-0.813089,
-0.768196,-0.804707,
-0.672798,-0.797059,
-0.576221,-0.790130,
-0.478637,-0.783908,
-0.380214,-0.778383,
-0.281118,-0.773550,
-0.181515,-0.769402,
-0.081568,-0.765939,
0.018558,-0.763160,
0.118701,-0.761068,
0.218698,-0.759670,
0.318385,-0.758971,
0.417599,-0.758983,
0.516174,-0.759717,
0.613945,-0.761188,
0.710744,-0.763415,
0.806402,-0.766417,
0.900746,-0.770218,
0.993600,-0.774844,
1.084787,-0.780325,
1.174121,-0.786693,
1.261415,-0.793985,
1.346472,-0.802242,
1.429091,-0.811508,
1.509060,-0.821833,
1.586158,-0.833270,
1.660152,-0.845878,
1.730795,-0.859722,
1.797825,-0.874873,
1.860984,-0.891432,
1.920052,-0.909637,
1.974684,-0.930991,
2.016226,-0.973308,
-1.687421,-1.181600,
-1.658944,-1.141723,
-1.617895,-1.118500,
-1.571746,-1.097986,
-1.521310,-1.078785,
-1.466884,-1.060680,
-1.408741,-1.043611,
-1.347144,-1.027538,
-1.282342,-1.012427,
-1.214571,-0.998244,
-1.144059,-0.984959,
-1.071021,-0.972545,
-0.995665,-0.960977,
-0.918191,-0.950232,
-0.838794,-0.940290,
-0.757661,-0.931132,
-0.674975,-0.922744,
-0.590917,-0.915111,
-0.505661,-0.908223,
-0.419381,-0.902072,
-0.332248,-0.896651,
-0.244431,-0.891956,
-0.156097,-0.887983,
-0.067414,-0.884734,
0.021453,-0.882209,
0.110337,-0.880412,
0.199074,-0.879347,
0.287496,-0.879020,
0.375438,-0.879442,
0.462732,-0.880622,
0.549209,-0.882572,
0.634699,-0.885307,
0.719029,-0.888845,
0.802024,-0.893205,
0.883506,-0.898408,
0.963293,-0.904479,
1.041197,-0.911446,
1.117027,-0.919338,
1.190582,-0.928187,
1.261657,-0.938028,
1.330036,-0.948901,
1.395496,-0.960844,
1.457802,-0.973904,
1.516706,-0.988127,
1.571948,-1.003565,
1.623257,-1.020291,
1.670348,-1.038538,
1.712478,-1.059738,
1.742859,-1.098184,
-1.380347,-1.273050,
-1.361283,-1.239254,
-1.332105,-1.218405,
-1.297912,-1.199733,
-1.259583,-1.182139,
-1.217432,-1.165436,
-1.171711,-1.149580,
-1.122669,-1.134583,
-1.070528,-1.120418,
-1.015508,-1.107064,
-0.957823,-1.094514,
-0.897678,-1.082755,
-0.835271,-1.071773,
-0.770794,-1.061558,
-0.704434,-1.052099,
-0.636374,-1.043386,
-0.566792,-1.035409,
-0.495861,-1.028162,
-0.423752,-1.021639,
-0.350635,-1.015836,
-0.276677,-1.010750,
-0.202044,-1.006383,
-0.126900,-1.002734,
-0.051411,-0.999806,
0.024259,-0.997602,
0.099947,-0.996125,
0.175489,-0.995381,
0.250721,-0.995373,
0.325478,-0.996107,
0.399596,-0.997592,
0.472909,-0.999835,
0.545250,-1.002845,
0.616449,-1.006636,
0.686337,-1.011221,
0.754740,-1.016615,
0.821481,-1.022838,
0.886378,-1.029907,
0.949246,-1.037843,
1.009891,-1.046665,
1.068118,-1.056396,
1.123722,-1.067059,
1.176489,-1.078674,
1.226203,-1.091269,
1.272641,-1.104884,
1.315553,-1.119518,
1.354693,-1.135228,
1.389752,-1.152216,
1.419909,-1.171622,
1.440594,-1.204452,
-1.049617,-1.342792,
-1.038236,-1.316365,
-1.019587,-1.299315,
-0.996631,-1.283798,
-0.970048,-1.269031,
-0.940103,-1.254886,
-0.907008,-1.241380,
-0.870956,-1.228526,
-0.832128,-1.216305,
-0.790706,-1.204724,
-0.746873,-1.193791,
-0.700802,-1.183506,
-0.652666,-1.173870,
-0.602634,-1.164882,
-0.550874,-1.156545,
-0.497549,-1.148856,
-0.442818,-1.141815,
-0.386840,-1.135418,
-0.329770,-1.129668,
-0.271764,-1.124565,
-0.212973,-1.120111,
-0.153551,-1.116312,
-0.093652,-1.113171,
-0.033429,-1.110695,
0.026965,-1.108889,
0.087376,-1.107757,
0.147648,-1.107303,
0.207629,-1.107529,
0.267165,-1.108436,
0.326103,-1.110026,
0.384289,-1.112304,
0.441571,-1.115274,
0.497794,-1.118941,
0.552802,-1.123315,
0.606438,-1.128402,
0.658542,-1.134214,
0.708951,-1.140759,
0.757499,-1.148044,
0.804015,-1.156078,
0.848329,-1.164867,
0.890264,-1.174421,
0.929640,-1.184740,
0.966274,-1.195827,
0.999987,-1.207708,
1.030584,-1.220381,
1.057854,-1.233838,
1.081536,-1.248222,
1.100993,-1.264344,
1.113644,-1.290187,
-0.699972,-1.390432,
-0.694432,-1.372300,
-0.684429,-1.360180,
-0.671322,-1.348956,
-0.655501,-1.338173,
-0.637115,-1.327748,
-0.616295,-1.317691,
-0.593169,-1.308034,
-0.567866,-1.298799,
-0.540508,-1.289987,
-0.511225,-1.281617,
-0.480144,-1.273701,
-0.447392,-1.266248,
-0.413099,-1.259268,
-0.377393,-1.252771,
-0.340401,-1.246764,
-0.302249,-1.241251,
-0.263065,-1.236238,
-0.222976,-1.231734,
-0.182107,-1.227742,
-0.140579,-1.224267,
-0.098520,-1.221317,
-0.056058,-1.218902,
-0.013321,-1.217030,
0.029563,-1.215708,
0.072460,-1.214944,
0.115238,-1.214736,
0.157767,-1.215084,
0.199920,-1.215987,
0.241567,-1.217440,
0.282583,-1.219440,
0.322843,-1.221990,
0.362224,-1.225092,
0.400599,-1.228745,
0.437839,-1.232947,
0.473819,-1.237701,
0.508411,-1.243005,
0.541486,-1.248858,
0.572915,-1.255253,
0.602571,-1.262191,
0.630324,-1.269662,
0.656046,-1.277656,
0.679614,-1.286178,
0.700899,-1.295211,
0.719769,-1.304730,
0.736096,-1.314731,
0.749734,-1.325305,
0.760313,-1.336924,
0.766728,-1.354765,
-0.336580,-1.414018,
-0.334966,-1.404796,
-0.331337,-1.398473,
-0.326088,-1.392535,
-0.319346,-1.386741,
-0.311173,-1.381087,
-0.301626,-1.375590,
-0.290756,-1.370252,
-0.278622,-1.365098,
-0.265282,-1.360140,
-0.250800,-1.355395,
-0.235240,-1.350878,
-0.218670,-1.346602,
-0.201162,-1.342580,
-0.182786,-1.338822,
-0.163617,-1.335337,
-0.143726,-1.332128,
-0.123189,-1.329205,
-0.102091,-1.326588,
-0.080507,-1.324274,
-0.058504,-1.322258,
-0.036168,-1.320556,
-0.013583,-1.319178,
0.009178,-1.318122,
0.032036,-1.317398,
0.054901,-1.317010,
0.077687,-1.316958,
0.100312,-1.317238,
0.122705,-1.317852,
0.144780,-1.318796,
0.166451,-1.320058,
0.187651,-1.321647,
0.208305,-1.323567,
0.228329,-1.325806,
0.247645,-1.328355,
0.266182,-1.331215,
0.283865,-1.334382,
0.300623,-1.337848,
0.316384,-1.341603,
0.331080,-1.345638,
0.344645,-1.349942,
0.357015,-1.354500,
0.368131,-1.359304,
0.377935,-1.364330,
0.386372,-1.369580,
0.393388,-1.375040,
0.398919,-1.380715,
0.402851,-1.386855,
0.404912,-1.395987,
0.034384,-1.414019,
0.034384,-1.414019,
0.034384,-1.414019,
0.034384,-1.414019,
0.034384,-1.414019,
0.034384,-1.414019,
0.034384,-1.414019,
0.034384,-1.414019,
0.034384,-1.414019,
0.034384,-1.414019,
0.034384,-1.414019,
0.034384,-1.414019,
0.034384,-1.414019,
0.034384,-1.414019,
0.034384,-1.414019,
0.034384,-1.414019,
0.034384,-1.414019,
0.034384,-1.414019,
0.034384,-1.414019,
0.034384,-1.414019,
0.034384,-1.414019,
0.034384,-1.414019,
0.034384,-1.414019,
0.034384,-1.414019,
0.034384,-1.414019,
0.034384,-1.414019,
0.034384,-1.414019,
0.034384,-1.414019,
0.034384,-1.414019,
0.034384,-1.414019,
0.034384,-1.414019,
0.034384,-1.414019,
0.034384,-1.414019,
0.034384,-1.414019,
0.034384,-1.414019,
0.034384,-1.414019,
0.034384,-1.414019,
0.034384,-1.414019,
0.034384,-1.414019,
0.034384,-1.414019,
0.034384,-1.414019,
0.034384,-1.414019,
0.034384,-1.414019,
0.034384,-1.414019,
0.034384,-1.414019,
0.034384,-1.414019,
0.034384,-1.414019,
0.034384,-1.414019,
0.034384,-1.414019,
-1,50,0,-1,0,0,-1,0,49,-1,49,50,
-1,51,0,-1,0,0,-1,0,50,-1,50,51,
-1,52,0,-1,0,0,-1,0,51,-1,51,52,
-1,53,0,-1,0,0,-1,0,52,-1,52,53,
-1,54,0,-1,0,0,-1,0,53,-1,53,54,
-1,55,0,-1,0,0,-1,0,54,-1,54,55,
-1,56,0,-1,0,0,-1,0,55,-1,55,56,
-1,57,0,-1,0,0,-1,0,56,-1,56,57,
-1,58,0,-1,0,0,-1,0,57,-1,57,58,
-1,59,0,-1,0,0,-1,0,58,-1,58,59,
-1,60,0,-1,0,0,-1,0,59,-1,59,60,
-1,61,0,-1,0,0,-1,0,60,-1,60,61,
-1,62,0,-1,0,0,-1,0,61,-1,61,62,
-1,63,0,-1,0,0,-1,0,62,-1,62,63,
-1,64,0,-1,0,0,-1,0,63,-1,63,64,
-1,65,0,-1,0,0,-1,0,64,-1,64,65,
-1,66,0,-1,0,0,-1,0,65,-1,65,66,
-1,67,0,-1,0,0,-1,0,66,-1,66,67,
-1,68,0,-1,0,0,-1,0,67,-1,67,68,
-1,69,0,-1,0,0,-1,0,68,-1,68,69,
-1,70,0,-1,0,0,-1,0,69,-1,69,70,
-1,71,0,-1,0,0,-1,0,70,-1,70,71,
-1,72,0,-1,0,0,-1,0,71,-1,71,72,
-1,73,0,-1,0,0,-1,0,72,-1,72,73,
-1,74,0,-1,0,0,-1,0,73,-1,73,74,
-1,75,0,-1,0,0,-1,0,74,-1,74,75,
-1,76,0,-1,0,0,-1,0,75,-1,75,76,
-1,77,0,-1,0,0,-1,0,76,-1,76,77,
-1,78,0,-1,0,0,-1,0,77,-1,77,78,
-1,79,0,-1,0,0,-1,0,78,-1,78,79,
-1,80,0,-1,0,0,-1,0,79,-1,79,80,
-1,81,0,-1,0,0,-1,0,80,-1,80,81,
-1,82,0,-1,0,0,-1,0,81,-1,81,82,
-1,83,0,-1,0,0,-1,0,82,-1,82,83,
-1,84,0,-1,0,0,-1,0,83,-1,83,84,
-1,85,0,-1,0,0,-1,0,84,-1,84,85,
-1,86,0,-1,0,0,-1,0,85,-1,85,86,
-1,87,0,-1,0,0,-1,0,86,-1,86,87,
-1,88,0,-1,0,0,-1,0,87,-1,87,88,
-1,89,0,-1,0,0,-1,0,88,-1,88,89,
-1,90,0,-1,0,0,-1,0,89,-1,89,90,
-1,91,0,-1,0,0,-1,0,90,-1,90,91,
-1,92,0,-1,0,0,-1,0,91,-1,91,92,
-1,93,0,-1,0,0,-1,0,92,-1,92,93,
-1,94,0,-1,0,0,-1,0,93,-1,93,94,
-1,95,0,-1,0,0,-1,0,94,-1,94,95,
-1,96,0,-1,0,0,-1,0,95,-1,95,96,
-1,97,0,-1,0,0,-1,0,96,-1,96,97,
-1,99,50,-1,50,49,-1,49,98,-1,98,99,
-1,100,51,-1,51,50,-1,50,99,-1,99,100,
-1,101,52,-1,52,51,-1,51,100,-1,100,101,
-1,102,53,-1,53,52,-1,52,101,-1,101,102,
-1,103,54,-1,54,53,-1,53,102,-1,102,103,
-1,104,55,-1,55,54,-1,54,103,-1,103,104,
-1,105,56,-1,56,55,-1,55,104,-1,104,105,
-1,106,57,-1,57,56,-1,56,105,-1,105,106,
-1,107,58,-1,58,57,-1,57,106,-1,106,107,
-1,108,59,-1,59,58,-1,58,107,-1,107,108,
-1,109,60,-1,60,59,-1,59,108,-1,108,109,
-1,110,61,-1,61,60,-1,60,109,-1,109,110,
-1,111,62,-1,62,61,-1,61,110,-1,110,111,
-1,112,63,-1,63,62,-1,62,111,-1,111,112,
-1,113,64,-1,64,63,-1,63,112,-1,112,113,
-1,114,65,-1,65,64,-1,64,113,-1,113,114,
-1,115,66,-1,66,65,-1,65,114,-1,114,115,
-1,116,67,-1,67,66,-1,66,115,-1,115,116,
-1,117,68,-1,68,67,-1,67,116,-1,116,117,
-1,118,69,-1,69,68,-1,68,117,-1,117,118,
-1,119,70,-1,70,69,-1,69,118,-1,118,119,
-1,120,71,-1,71,70,-1,70,119,-1,119,120,
-1,121,72,-1,72,71,-1,71,120,-1,120,121,
-1,122,73,-1,73,72,-1,72,121,-1,121,122,
-1,123,74,-1,74,73,-1,73,122,-1,122,123,
-1,124,75,-1,75,74,-1,74,123,-1,123,124,
-1,125,76,-1,76,75,-1,75,124,-1,124,125,
-1,126,77,-1,77,76,-1,76,125,-1,125,126,
-1,127,78,-1,78,77,-1,77,126,-1,126,127,
-1,128,79,-1,79,78,-1,78,127,-1,127,128,
-1,129,80,-1,80,79,-1,79,128,-1,128,129,
-1,130,81,-1,81,80,-1,80,129,-1,129,130,
-1,131,82,-1,82,81,-1,81,130,-1,130,131,
-1,132,83,-1,83,82,-1,82,131,-1,131,132,
-1,133,84,-1,84,83,-1,83,132,-1,132,133,
-1,134,85,-1,85,84,-1,84,133,-1,133,134,
-1,135,86,-1,86,85,-1,85,134,-1,134,135,
-1,136,87,-1,87,86,-1,86,135,-1,135,136,
-1,137,88,-1,88,87,-1,87,136,-1,136,137,
-1,138,89,-1,89,88,-1,88,137,-1,137,138,
-1,139,90,-1,90,89,-1,89,138,-1,138,139,
-1,140,91,-1,91,90,-1,90,139,-1,139,140,
-1,141,92,-1,92,91,-1,91,140,-1,140,141,
-1,142,93,-1,93,92,-1,92,141,-1,141,142,
-1,143,94,-1,94,93,-1,93,142,-1,142,143,
-1,144,95,-1,95,94,-1,94,143,-1,143,144,
-1,145,96,-1,96,95,-1,95,144,-1,144,145,
-1,146,97,-1,97,96,-1,96,145,-1,145,146,
-1,148,99,-1,99,98,-1,98,147,-1,147,148,
-1,149,100,-1,100,99,-1,99,148,-1,148,149,
-1,150,101,-1,101,100,-1,100,149,-1,149,150,
-1,151,102,-1,102,101,-1,101,150,-1,150,151,
-1,152,103,-1,103,102,-1,102,151,-1,151,152,
-1,153,104,-1,104,103,-1,103,152,-1,152,153,
-1,154,105,-1,105,104,-1,104,153,-1,153,154,
-1,155,106,-1,106,105,-1,105,154,-1,154,155,
-1,156,107,-1,107,106,-1,106,155,-1,155,156,
-1,157,108,-1,108,107,-1,107,156,-1,156,157,
-1,158,109,-1,109,108,-1,108,157,-1,157,158,
-1,159,110,-1,110,109,-1,109,158,-1,158,159,
-1,160,111,-1,111,110,-1,110,159,-1,159,160,
-1,161,112,-1,112,111,-1,111,160,-1,160,161,
-1,162,113,-1,113,112,-1,112,161,-1,161,162,
-1,163,114,-1,114,113,-1,113,162,-1,162,163,
-1,164,115,-1,115,114,-1,114,163,-1,163,164,
-1,165,116,-1,116,115,-1,115,164,-1,164,165,
-1,166,117,-1,117,116,-1,116,165,-1,165,166,
-1,167,118,-1,118,117,-1,117,166,-1,166,167,
-1,168,119,-1,119,118,-1,118,167,-1,167,168,
-1,169,120,-1,120,119,-1,119,168,-1,168,169,
-1,170,121,-1,121,120,-1,120,169,-1,169,170,
-1,171,122,-1,122,121,-1,121,170,-1,170,171,
-1,172,123,-1,123,122,-1,122,171,-1,171,172,
-1,173,124,-1,124,123,-1,123,172,-1,172,173,
-1,174,125,-1,125,124,-1,124,173,-1,173,174,
-1,175,126,-1,126,125,-1,125,174,-1,174,175,
-1,176,127,-1,127,126,-1,126,175,-1,175,176,
-1,177,128,-1,128,127,-1,127,176,-1,176,177,
-1,178,129,-1,129,128,-1,128,177,-1,177,178,
-1,179,130,-1,130,129,-1,129,178,-1,178,179,
-1,180,131,-1,131,130,-1,130,179,-1,179,180,
-1,181,132,-1,132,131,-1,131,180,-1,180,181,
-1,182,133,-1,133,132,-1,132,181,-1,181,182,
-1,183,134,-1,134,133,-1,133,182,-1,182,183,
-1,184,135,-1,135,134,-1,134,183,-1,183,184,
-1,185,136,-1,136,135,-1,135,184,-1,184,185,
-1,186,137,-1,137,136,-1,136,185,-1,185,186,
-1,187,138,-1,138,137,-1,137,186,-1,186,187,
-1,188,139,-1,139,138,-1,138,187,-1,187,188,
-1,189,140,-1,140,139,-1,139,188,-1,188,189,
-1,190,141,-1,141,140,-1,140,189,-1,189,190,
-1,191,142,-1,142,141,-1,141,190,-1,190,191,
-1,192,143,-1,143,142,-1,142,191,-1,191,192,
-1,193,144,-1,144,143,-1,143,192,-1,192,193,
-1,194,145,-1,145,144,-1,144,193,-1,193,194,
-1,195,146,-1,146,145,-1,145,194,-1,194,195,
-1,197,148,-1,148,147,-1,147,196,-1,196,197,
-1,198,149,-1,149,148,-1,148,197,-1,197,198,
-1,199,150,-1,150,149,-1,149,198,-1,198,199,
-1,200,151,-1,151,150,-1,150,199,-1,199,200,
-1,201,152,-1,152,151,-1,151,200,-1,200,201,
-1,202,153,-1,153,152,-1,152,201,-1,201,202,
-1,203,154,-1,154,153,-1,153,202,-1,202,203,
-1,204,155,-1,155,154,-1,154,203,-1,203,204,
-1,205,156,-1,156,155,-1,155,204,-1,204,205,
-1,206,157,-1,157,156,-1,156,205,-1,205,206,
-1,207,158,-1,158,157,-1,157,206,-1,206,207,
-1,208,159,-1,159,158,-1,158,207,-1,207,208,
-1,209,160,-1,160,159,-1,159,208,-1,208,209,
-1,210,161,-1,161,160,-1,160,209,-1,209,210,
-1,211,162,-1,162,161,-1,161,210,-1,210,211,
-1,212,163,-1,163,162,-1,162,211,-1,211,212,
-1,213,164,-1,164,163,-1,163,212,-1,212,213,
-1,214,165,-1,165,164,-1,164,213,-1,213,214,
-1,215,166,-1,166,165,-1,165,214,-1,214,215,
-1,216,167,-1,167,166,-1,166,215,-1,215,216,
-1,217,168,-1,168,167,-1,167,216,-1,216,217,
-1,218,169,-1,169,168,-1,168,217,-1,217,218,
-1,219,170,-1,170,169,-1,169,218,-1,218,219,
-1,220,171,-1,171,170,-1,170,219,-1,219,220,
-1,221,172,-1,172,171,-1,171,220,-1,220,221,
-1,222,173,-1,173,172,-1,172,221,-1,221,222,
-1,223,174,-1,174,173,-1,173,222,-1,222,223,
-1,224,175,-1,175,174,-1,174,223,-1,223,224,
-1,225,176,-1,176,175,-1,175,224,-1,224,225,
-1,226,177,-1,177,176,-1,176,225,-1,225,226,
-1,227,178,-1,178,177,-1,177,226,-1,226,227,
-1,228,179,-1,179,178,-1,178,227,-1,227,228,
-1,229,180,-1,180,179,-1,179,228,-1,228,229,
-1,230,181,-1,181,180,-1,180,229,-1,229,230,
-1,231,182,-1,182,181,-1,181,230,-1,230,231,
-1,232,183,-1,183,182,-1,182,231,-1,231,232,
-1,233,184,-1,184,183,-1,183,232,-1,232,233,
-1,234,185,-1,185,184,-1,184,233,-1,233,234,
-1,235,186,-1,186,185,-1,185,234,-1,234,235,
-1,236,187,-1,187,186,-1,186,235,-1,235,236,
-1,237,188,-1,188,187,-1,187,236,-1,236,237,
-1,238,189,-1,189,188,-1,188,237,-1,237,238,
-1,239,190,-1,190,189,-1,189,238,-1,238,239,
-1,240,191,-1,191,190,-1,190,239,-1,239,240,
-1,241,192,-1,192,191,-1,191,240,-1,240,241,
-1,242,193,-1,193,192,-1,192,241,-1,241,242,
-1,243,194,-1,194,193,-1,193,242,-1,242,243,
-1,244,195,-1,195,194,-1,194,243,-1,243,244,
-1,246,197,-1,197,196,-1,196,245,-1,245,246,
-1,247,198,-1,198,197,-1,197,246,-1,246,247,
-1,248,199,-1,199,198,-1,198,247,-1,247,248,
-1,249,200,-1,200,199,-1,199,248,-1,248,249,
-1,250,201,-1,201,200,-1,200,249,-1,249,250,
-1,251,202,-1,202,201,-1,201,250,-1,250,251,
-1,252,203,-1,203,202,-1,202,251,-1,251,252,
-1,253,204,-1,204,203,-1,203,252,-1,252,253,
-1,254,205,-1,205,204,-1,204,253,-1,253,254,
-1,255,206,-1,206,205,-1,205,254,-1,254,255,
-1,256,207,-1,207,206,-1,206,255,-1,255,256,
-1,257,208,-1,208,207,-1,207,256,-1,256,257,
-1,258,209,-1,209,208,-1,208,257,-1,257,258,
-1,259,210,-1,210,209,-1,209,258,-1,258,259,
-1,260,211,-1,211,210,-1,210,259,-1,259,260,
-1,261,212,-1,212,211,-1,211,260,-1,260,261,
-1,262,213,-1,213,212,-1,212,261,-1,261,262,
-1,263,214,-1,214,213,-1,213,262,-1,262,263,
-1,264,215,-1,215,214,-1,214,263,-1,263,264,
-1,265,216,-1,216,215,-1,215,264,-1,264,265,
-1,266,217,-1,217,216,-1,216,265,-1,265,266,
-1,267,218,-1,218,217,-1,217,266,-1,266,267,
-1,268,219,-1,219,218,-1,218,267,-1,267,268,
-1,269,220,-1,220,219,-1,219,268,-1,268,269,
-1,270,221,-1,221,220,-1,220,269,-1,269,270,
-1,271,222,-1,222,221,-1,221,270,-1,270,271,
-1,272,223,-1,223,222,-1,222,271,-1,271,272,
-1,273,224,-1,224,223,-1,223,272,-1,272,273,
-1,274,225,-1,225,224,-1,224,273,-1,273,274,
-1,275,226,-1,226,225,-1,225,274,-1,274,275,
-1,276,227,-1,227,226,-1,226,275,-1,275,276,
-1,277,228,-1,228,227,-1,227,276,-1,276,277,
-1,278,229,-1,229,228,-1,228,277,-1,277,278,
-1,279,230,-1,230,229,-1,229,278,-1,278,279,
-1,280,231,-1,231,230,-1,230,279,-1,279,280,
-1,281,232,-1,232,231,-1,231,280,-1,280,281,
-1,282,233,-1,233,232,-1,232,281,-1,281,282,
-1,283,234,-1,234,233,-1,233,282,-1,282,283,
-1,284,235,-1,235,234,-1,234,283,-1,283,284,
-1,285,236,-1,236,235,-1,235,284,-1,284,285,
-1,286,237,-1,237,236,-1,236,285,-1,285,286,
-1,287,238,-1,238,237,-1,237,286,-1,286,287,
-1,288,239,-1,239,238,-1,238,287,-1,287,288,
-1,289,240,-1,240,239,-1,239,288,-1,288,289,
-1,290,241,-1,241,240,-1,240,289,-1,289,290,
-1,291,242,-1,242,241,-1,241,290,-1,290,291,
-1,292,243,-1,243,242,-1,242,291,-1,291,292,
-1,293,244,-1,244,243,-1,243,292,-1,292,293,
-1,295,246,-1,246,245,-1,245,294,-1,294,295,
-1,296,247,-1,247,246,-1,246,295,-1,295,296,
-1,297,248,-1,248,247,-1,247,296,-1,296,297,
-1,298,249,-1,249,248,-1,248,297,-1,297,298,
-1,299,250,-1,250,249,-1,249,298,-1,298,299,
-1,300,251,-1,251,250,-1,250,299,-1,299,300,
-1,301,252,-1,252,251,-1,251,300,-1,300,301,
-1,302,253,-1,253,252,-1,252,301,-1,301,302,
-1,303,254,-1,254,253,-1,253,302,-1,302,303,
-1,304,255,-1,255,254,-1,254,303,-1,303,304,
-1,305,256,-1,256,255,-1,255,304,-1,304,305,
-1,306,257,-1,257,256,-1,256,305,-1,305,306,
-1,307,258,-1,258,257,-1,257,306,-1,306,307,
-1,308,259,-1,259,258,-1,258,307,-1,307,308,
-1,309,260,-1,260,259,-1,259,308,-1,308,309,
-1,310,261,-1,261,260,-1,260,309,-1,309,310,
-1,311,262,-1,262,261,-1,261,310,-1,310,311,
-1,312,263,-1,263,262,-1,262,311,-1,311,312,
-1,313,264,-1,264,263,-1,263,312,-1,312,313,
-1,314,265,-1,265,264,-1,264,313,-1,313,314,
-1,315,266,-1,266,265,-1,265,314,-1,314,315,
-1,316,267,-1,267,266,-1,266,315,-1,315,316,
-1,317,268,-1,268,267,-1,267,316,-1,316,317,
-1,318,269,-1,269,268,-1,268,317,-1,317,318,
-1,319,270,-1,270,269,-1,269,318,-1,318,319,
-1,320,271,-1,271,270,-1,270,319,-1,319,320,
-1,321,272,-1,272,271,-1,271,320,-1,320,321,
-1,322,273,-1,273,272,-1,272,321,-1,321,322,
-1,323,274,-1,274,273,-1,273,322,-1,322,323,
-1,324,275,-1,275,274,-1,274,323,-1,323,324,
-1,325,276,-1,276,275,-1,275,324,-1,324,325,
-1,326,277,-1,277,276,-1,276,325,-1,325,326,
-1,327,278,-1,278,277,-1,277,326,-1,326,327,
-1,328,279,-1,279,278,-1,278,327,-1,327,328,
-1,329,280,-1,280,279,-1,279,328,-1,328,329,
-1,330,281,-1,281,280,-1,280,329,-1,329,330,
-1,331,282,-1,282,281,-1,281,330,-1,330,331,
-1,332,283,-1,283,282,-1,282,331,-1,331,332,
-1,333,284,-1,284,283,-1,283,332,-1,332,333,
-1,334,285,-1,285,284,-1,284,333,-1,333,334,
-1,335,286,-1,286,285,-1,285,334,-1,334,335,
-1,336,287,-1,287,286,-1,286,335,-1,335,336,
-1,337,288,-1,288,287,-1,287,336,-1,336,337,
-1,338,289,-1,289,288,-1,288,337,-1,337,338,
-1,339,290,-1,290,289,-1,289,338,-1,338,339,
-1,340,291,-1,291,290,-1,290,339,-1,339,340,
-1,341,292,-1,292,291,-1,291,340,-1,340,341,
-1,342,293,-1,293,292,-1,292,341,-1,341,342,
-1,344,295,-1,295,294,-1,294,343,-1,343,344,
-1,345,296,-1,296,295,-1,295,344,-1,344,345,
-1,346,297,-1,297,296,-1,296,345,-1,345,346,
-1,347,298,-1,298,297,-1,297,346,-1,346,347,
-1,348,299,-1,299,298,-1,298,347,-1,347,348,
-1,349,300,-1,300,299,-1,299,348,-1,348,349,
-1,350,301,-1,301,300,-1,300,349,-1,349,350,
-1,351,302,-1,302,301,-1,301,350,-1,350,351,
-1,352,303,-1,303,302,-1,302,351,-1,351,352,
-1,353,304,-1,304,303,-1,303,352,-1,352,353,
-1,354,305,-1,305,304,-1,304,353,-1,353,354,
-1,355,306,-1,306,305,-1,305,354,-1,354,355,
-1,356,307,-1,307,306,-1,306,355,-1,355,356,
-1,357,308,-1,308,307,-1,307,356,-1,356,357,
-1,358,309,-1,309,308,-1,308,357,-1,357,358,
-1,359,310,-1,310,309,-1,309,358,-1,358,359,
-1,360,311,-1,311,310,-1,310,359,-1,359,360,
-1,361,312,-1,312,311,-1,311,360,-1,360,361,
-1,362,313,-1,313,312,-1,312,361,-1,361,362,
-1,363,314,-1,314,313,-1,313,362,-1,362,363,
-1,364,315,-1,315,314,-1,314,363,-1,363,364,
-1,365,316,-1,316,315,-1,315,364,-1,364,365,
-1,366,317,-1,317,316,-1,316,365,-1,365,366,
-1,367,318,-1,318,317,-1,317,366,-1,366,367,
-1,368,319,-1,319,318,-1,318,367,-1,367,368,
-1,369,320,-1,320,319,-1,319,368,-1,368,369,
-1,370,321,-1,321,320,-1,320,369,-1,369,370,
-1,371,322,-1,322,321,-1,321,370,-1,370,371,
-1,372,323,-1,323,322,-1,322,371,-1,371,372,
-1,373,324,-1,324,323,-1,323,372,-1,372,373,
-1,374,325,-1,325,324,-1,324,373,-1,373,374,
-1,375,326,-1,326,325,-1,325,374,-1,374,375,
-1,376,327,-1,327,326,-1,326,375,-1,375,376,
-1,377,328,-1,328,327,-1,327,376,-1,376,377,
-1,378,329,-1,329,328,-1,328,377,-1,377,378,
-1,379,330,-1,330,329,-1,329,378,-1,378,379,
-1,380,331,-1,331,330,-1,330,379,-1,379,380,
-1,381,332,-1,332,331,-1,331,380,-1,380,381,
-1,382,333,-1,333,332,-1,332,381,-1,381,382,
-1,383,334,-1,334,333,-1,333,382,-1,382,383,
-1,384,335,-1,335,334,-1,334,383,-1,383,384,
-1,385,336,-1,336,335,-1,335,384,-1,384,385,
-1,386,337,-1,337,336,-1,336,385,-1,385,386,
-1,387,338,-1,338,337,-1,337,386,-1,386,387,
-1,388,339,-1,339,338,-1,338,387,-1,387,388,
-1,389,340,-1,340,339,-1,339,388,-1,388,389,
-1,390,341,-1,341,340,-1,340,389,-1,389,390,
-1,391,342,-1,342,341,-1,341,390,-1,390,391,
-1,393,344,-1,344,343,-1,343,392,-1,392,393,
-1,394,345,-1,345,344,-1,344,393,-1,393,394,
-1,395,346,-1,346,345,-1,345,394,-1,394,395,
-1,396,347,-1,347,346,-1,346,395,-1,395,396,
-1,397,348,-1,348,347,-1,347,396,-1,396,397,
-1,398,349,-1,349,348,-1,348,397,-1,397,398,
-1,399,350,-1,350,349,-1,349,398,-1,398,399,
-1,400,351,-1,351,350,-1,350,399,-1,399,400,
-1,401,352,-1,352,351,-1,351,400,-1,400,401,
-1,402,353,-1,353,352,-1,352,401,-1,401,402,
-1,403,354,-1,354,353,-1,353,402,-1,402,403,
-1,404,355,-1,355,354,-1,354,403,-1,403,404,
-1,405,356,-1,356,355,-1,355,404,-1,404,405,
-1,406,357,-1,357,356,-1,356,405,-1,405,406,
-1,407,358,-1,358,357,-1,357,406,-1,406,407,
-1,408,359,-1,359,358,-1,358,407,-1,407,408,
-1,409,360,-1,360,359,-1,359,408,-1,408,409,
-1,410,361,-1,361,360,-1,360,409,-1,409,410,
-1,411,362,-1,362,361,-1,361,410,-1,410,411,
-1,412,363,-1,363,362,-1,362,411,-1,411,412,
-1,413,364,-1,364,363,-1,363,412,-1,412,413,
-1,414,365,-1,365,364,-1,364,413,-1,413,414,
-1,415,366,-1,366,365,-1,365,414,-1,414,415,
-1,416,367,-1,367,366,-1,366,415,-1,415,416,
-1,417,368,-1,368,367,-1,367,416,-1,416,417,
-1,418,369,-1,369,368,-1,368,417,-1,417,418,
-1,419,370,-1,370,369,-1,369,418,-1,418,419,
-1,420,371,-1,371,370,-1,370,419,-1,419,420,
-1,421,372,-1,372,371,-1,371,420,-1,420,421,
-1,422,373,-1,373,372,-1,372,421,-1,421,422,
-1,423,374,-1,374,373,-1,373,422,-1,422,423,
-1,424,375,-1,375,374,-1,374,423,-1,423,424,
-1,425,376,-1,376,375,-1,375,424,-1,424,425,
-1,426,377,-1,377,376,-1,376,425,-1,425,426,
-1,427,378,-1,378,377,-1,377,426,-1,426,427,
-1,428,379,-1,379,378,-1,378,427,-1,427,428,
-1,429,380,-1,380,379,-1,379,428,-1,428,429,
-1,430,381,-1,381,380,-1,380,429,-1,429,430,
-1,431,382,-1,382,381,-1,381,430,-1,430,431,
-1,432,383,-1,383,382,-1,382,431,-1,431,432,
-1,433,384,-1,384,383,-1,383,432,-1,432,433,
-1,434,385,-1,385,384,-1,384,433,-1,433,434,
-1,435,386,-1,386,385,-1,385,434,-1,434,435,
-1,436,387,-1,387,386,-1,386,435,-1,435,436,
-1,437,388,-1,388,387,-1,387,436,-1,436,437,
-1,438,389,-1,389,388,-1,388,437,-1,437,438,
-1,439,390,-1,390,389,-1,389,438,-1,438,439,
-1,440,391,-1,391,390,-1,390,439,-1,439,440,
-1,442,393,-1,393,392,-1,392,441,-1,441,442,
-1,443,394,-1,394,393,-1,393,442,-1,442,443,
-1,444,395,-1,395,394,-1,394,443,-1,443,444,
-1,445,396,-1,396,395,-1,395,444,-1,444,445,
-1,446,397,-1,397,396,-1,396,445,-1,445,446,
-1,447,398,-1,398,397,-1,397,446,-1,446,447,
-1,448,399,-1,399,398,-1,398,447,-1,447,448,
-1,449,400,-1,400,399,-1,399,448,-1,448,449,
-1,450,401,-1,401,400,-1,400,449,-1,449,450,
-1,451,402,-1,402,401,-1,401,450,-1,450,451,
-1,452,403,-1,403,402,-1,402,451,-1,451,452,
-1,453,404,-1,404,403,-1,403,452,-1,452,453,
-1,454,405,-1,405,404,-1,404,453,-1,453,454,
-1,455,406,-1,406,405,-1,405,454,-1,454,455,
-1,456,407,-1,407,406,-1,406,455,-1,455,456,
-1,457,408,-1,408,407,-1,407,456,-1,456,457,
-1,458,409,-1,409,408,-1,408,457,-1,457,458,
-1,459,410,-1,410,409,-1,409,458,-1,458,459,
-1,460,411,-1,411,410,-1,410,459,-1,459,460,
-1,461,412,-1,412,411,-1,411,460,-1,460,461,
-1,462,413,-1,413,412,-1,412,461,-1,461,462,
-1,463,414,-1,414,413,-1,413,462,-1,462,463,
-1,464,415,-1,415,414,-1,414,463,-1,463,464,
-1,465,416,-1,416,415,-1,415,464,-1,464,465,
-1,466,417,-1,417,416,-1,416,465,-1,465,466,
-1,467,418,-1,418,417,-1,417,466,-1,466,467,
-1,468,419,-1,419,418,-1,418,467,-1,467,468,
-1,469,420,-1,420,419,-1,419,468,-1,468,469,
-1,470,421,-1,421,420,-1,420,469,-1,469,470,
-1,471,422,-1,422,421,-1,421,470,-1,470,471,
-1,472,423,-1,423,422,-1,422,471,-1,471,472,
-1,473,424,-1,424,423,-1,423,472,-1,472,473,
-1,474,425,-1,425,424,-1,424,473,-1,473,474,
-1,475,426,-1,426,425,-1,425,474,-1,474,475,
-1,476,427,-1,427,426,-1,426,475,-1,475,476,
-1,477,428,-1,428,427,-1,427,476,-1,476,477,
-1,478,429,-1,429,428,-1,428,477,-1,477,478,
-1,479,430,-1,430,429,-1,429,478,-1,478,479,
-1,480,431,-1,431,430,-1,430,479,-1,479,480,
-1,481,432,-1,432,431,-1,431,480,-1,480,481,
-1,482,433,-1,433,432,-1,432,481,-1,481,482,
-1,483,434,-1,434,433,-1,433,482,-1,482,483,
-1,484,435,-1,435,434,-1,434,483,-1,483,484,
-1,485,436,-1,436,435,-1,435,484,-1,484,485,
-1,486,437,-1,437,436,-1,436,485,-1,485,486,
-1,487,438,-1,438,437,-1,437,486,-1,486,487,
-1,488,439,-1,439,438,-1,438,487,-1,487,488,
-1,489,440,-1,440,439,-1,439,488,-1,488,489,
-1,491,442,-1,442,441,-1,441,490,-1,490,491,
-1,492,443,-1,443,442,-1,442,491,-1,491,492,
-1,493,444,-1,444,443,-1,443,492,-1,492,493,
-1,494,445,-1,445,444,-1,444,493,-1,493,494,
-1,495,446,-1,446,445,-1,445,494,-1,494,495,
-1,496,447,-1,447,446,-1,446,495,-1,495,496,
-1,497,448,-1,448,447,-1,447,496,-1,496,497,
-1,498,449,-1,449,448,-1,448,497,-1,497,498,
-1,499,450,-1,450,449,-1,449,498,-1,498,499,
-1,500,451,-1,451,450,-1,450,499,-1,499,500,
-1,501,452,-1,452,451,-1,451,500,-1,500,501,
-1,502,453,-1,453,452,-1,452,501,-1,501,502,
-1,503,454,-1,454,453,-1,453,502,-1,502,503,
-1,504,455,-1,455,454,-1,454,503,-1,503,504,
-1,505,456,-1,456,455,-1,455,504,-1,504,505,
-1,506,457,-1,457,456,-1,456,505,-1,505,506,
-1,507,458,-1,458,457,-1,457,506,-1,506,507,
-1,508,459,-1,459,458,-1,458,507,-1,507,508,
-1,509,460,-1,460,459,-1,459,508,-1,508,509,
-1,510,461,-1,461,460,-1,460,509,-1,509,510,
-1,511,462,-1,462,461,-1,461,510,-1,510,511,
-1,512,463,-1,463,462,-1,462,511,-1,511,512,
-1,513,464,-1,464,463,-1,463,512,-1,512,513,
-1,514,465,-1,465,464,-1,464,513,-1,513,514,
-1,515,466,-1,466,465,-1,465,514,-1,514,515,
-1,516,467,-1,467,466,-1,466,515,-1,515,516,
-1,517,468,-1,468,467,-1,467,516,-1,516,517,
-1,518,469,-1,469,468,-1,468,517,-1,517,518,
-1,519,470,-1,470,469,-1,469,518,-1,518,519,
-1,520,471,-1,471,470,-1,470,519,-1,519,520,
-1,521,472,-1,472,471,-1,471,520,-1,520,521,
-1,522,473,-1,473,472,-1,472,521,-1,521,522,
-1,523,474,-1,474,473,-1,473,522,-1,522,523,
-1,524,475,-1,475,474,-1,474,523,-1,523,524,
-1,525,476,-1,476,475,-1,475,524,-1,524,525,
-1,526,477,-1,477,476,-1,476,525,-1,525,526,
-1,527,478,-1,478,477,-1,477,526,-1,526,527,
-1,528,479,-1,479,478,-1,478,527,-1,527,528,
-1,529,480,-1,480,479,-1,479,528,-1,528,529,
-1,530,481,-1,481,480,-1,480,529,-1,529,530,
-1,531,482,-1,482,481,-1,481,530,-1,530,531,
-1,532,483,-1,483,482,-1,482,531,-1,531,532,
-1,533,484,-1,484,483,-1,483,532,-1,532,533,
-1,534,485,-1,485,484,-1,484,533,-1,533,534,
-1,535,486,-1,486,485,-1,485,534,-1,534,535,
-1,536,487,-1,487,486,-1,486,535,-1,535,536,
-1,537,488,-1,488,487,-1,487,536,-1,536,537,
-1,538,489,-1,489,488,-1,488,537,-1,537,538,
-1,540,491,-1,491,490,-1,490,539,-1,539,540,
-1,541,492,-1,492,491,-1,491,540,-1,540,541,
-1,542,493,-1,493,492,-1,492,541,-1,541,542,
-1,543,494,-1,494,493,-1,493,542,-1,542,543,
-1,544,495,-1,495,494,-1,494,543,-1,543,544,
-1,545,496,-1,496,495,-1,495,544,-1,544,545,
-1,546,497,-1,497,496,-1,496,545,-1,545,546,
-1,547,498,-1,498,497,-1,497,546,-1,546,547,
-1,548,499,-1,499,498,-1,498,547,-1,547,548,
-1,549,500,-1,500,499,-1,499,548,-1,548,549,
-1,550,501,-1,501,500,-1,500,549,-1,549,550,
-1,551,502,-1,502,501,-1,501,550,-1,550,551,
-1,552,503,-1,503,502,-1,502,551,-1,551,552,
-1,553,504,-1,504,503,-1,503,552,-1,552,553,
-1,554,505,-1,505,504,-1,504,553,-1,553,554,
-1,555,506,-1,506,505,-1,505,554,-1,554,555,
-1,556,507,-1,507,506,-1,506,555,-1,555,556,
-1,557,508,-1,508,507,-1,507,556,-1,556,557,
-1,558,509,-1,509,508,-1,508,557,-1,557,558,
-1,559,510,-1,510,509,-1,509,558,-1,558,559,
-1,560,511,-1,511,510,-1,510,559,-1,559,560,
-1,561,512,-1,512,511,-1,511,560,-1,560,561,
-1,562,513,-1,513,512,-1,512,561,-1,561,562,
-1,563,514,-1,514,513,-1,513,562,-1,562,563,
-1,564,515,-1,515,514,-1,514,563,-1,563,564,
-1,565,516,-1,516,515,-1,515,564,-1,564,565,
-1,566,517,-1,517,516,-1,516,565,-1,565,566,
-1,567,518,-1,518,517,-1,517,566,-1,566,567,
-1,568,519,-1,519,518,-1,518,567,-1,567,568,
-1,569,520,-1,520,519,-1,519,568,-1,568,569,
-1,570,521,-1,521,520,-1,520,569,-1,569,570,
-1,571,522,-1,522,521,-1,521,570,-1,570,571,
-1,572,523,-1,523,522,-1,522,571,-1,571,572,
-1,573,524,-1,524,523,-1,523,572,-1,572,573,
-1,574,525,-1,525,524,-1,524,573,-1,573,574,
-1,575,526,-1,526,525,-1,525,574,-1,574,575,
-1,576,527,-1,527,526,-1,526,575,-1,575,576,
-1,577,528,-1,528,527,-1,527,576,-1,576,577,
-1,578,529,-1,529,528,-1,528,577,-1,577,578,
-1,579,530,-1,530,529,-1,529,578,-1,578,579,
-1,580,531,-1,531,530,-1,530,579,-1,579,580,
-1,581,532,-1,532,531,-1,531,580,-1,580,581,
-1,582,533,-1,533,532,-1,532,581,-1,581,582,
-1,583,534,-1,534,533,-1,533,582,-1,582,583,
-1,584,535,-1,535,534,-1,534,583,-1,583,584,
-1,585,536,-1,536,535,-1,535,584,-1,584,585,
-1,586,537,-1,537,536,-1,536,585,-1,585,586,
-1,587,538,-1,538,537,-1,537,586,-1,586,587,
-1,589,540,-1,540,539,-1,539,588,-1,588,589,
-1,590,541,-1,541,540,-1,540,589,-1,589,590,
-1,591,542,-1,542,541,-1,541,590,-1,590,591,
-1,592,543,-1,543,542,-1,542,591,-1,591,592,
-1,593,544,-1,544,543,-1,543,592,-1,592,593,
-1,594,545,-1,545,544,-1,544,593,-1,593,594,
-1,595,546,-1,546,545,-1,545,594,-1,594,595,
-1,596,547,-1,547,546,-1,546,595,-1,595,596,
-1,597,548,-1,548,547,-1,547,596,-1,596,597,
-1,598,549,-1,549,548,-1,548,597,-1,597,598,
-1,599,550,-1,550,549,-1,549,598,-1,598,599,
-1,600,551,-1,551,550,-1,550,599,-1,599,600,
-1,601,552,-1,552,551,-1,551,600,-1,600,601,
-1,602,553,-1,553,552,-1,552,601,-1,601,602,
-1,603,554,-1,554,553,-1,553,602,-1,602,603,
-1,604,555,-1,555,554,-1,554,603,-1,603,604,
-1,605,556,-1,556,555,-1,555,604,-1,604,605,
-1,606,557,-1,557,556,-1,556,605,-1,605,606,
-1,607,558,-1,558,557,-1,557,606,-1,606,607,
-1,608,559,-1,559,558,-1,558,607,-1,607,608,
-1,609,560,-1,560,559,-1,559,608,-1,608,609,
-1,610,561,-1,561,560,-1,560,609,-1,609,610,
-1,611,562,-1,562,561,-1,561,610,-1,610,611,
-1,612,563,-1,563,562,-1,562,611,-1,611,612,
-1,613,564,-1,564,563,-1,563,612,-1,612,613,
-1,614,565,-1,565,564,-1,564,613,-1,613,614,
-1,615,566,-1,566,565,-1,565,614,-1,614,615,
-1,616,567,-1,567,566,-1,566,615,-1,615,616,
-1,617,568,-1,568,567,-1,567,616,-1,616,617,
-1,618,569,-1,569,568,-1,568,617,-1,617,618,
-1,619,570,-1,570,569,-1,569,618,-1,618,619,
-1,620,571,-1,571,570,-1,570,619,-1,619,620,
-1,621,572,-1,572,571,-1,571,620,-1,620,621,
-1,622,573,-1,573,572,-1,572,621,-1,621,622,
-1,623,574,-1,574,573,-1,573,622,-1,622,623,
-1,624,575,-1,575,574,-1,574,623,-1,623,624,
-1,625,576,-1,576,575,-1,575,624,-1,624,625,
-1,626,577,-1,577,576,-1,576,625,-1,625,626,
-1,627,578,-1,578,577,-1,577,626,-1,626,627,
-1,628,579,-1,579,578,-1,578,627,-1,627,628,
-1,629,580,-1,580,579,-1,579,628,-1,628,629,
-1,630,581,-1,581,580,-1,580,629,-1,629,630,
-1,631,582,-1,582,581,-1,581,630,-1,630,631,
-1,632,583,-1,583,582,-1,582,631,-1,631,632,
-1,633,584,-1,584,583,-1,583,632,-1,632,633,
-1,634,585,-1,585,584,-1,584,633,-1,633,634,
-1,635,586,-1,586,585,-1,585,634,-1,634,635,
-1,636,587,-1,587,586,-1,586,635,-1,635,636,
-1,638,589,-1,589,588,-1,588,637,-1,637,638,
-1,639,590,-1,590,589,-1,589,638,-1,638,639,
-1,640,591,-1,591,590,-1,590,639,-1,639,640,
-1,641,592,-1,592,591,-1,591,640,-1,640,641,
-1,642,593,-1,593,592,-1,592,641,-1,641,642,
-1,643,594,-1,594,593,-1,593,642,-1,642,643,
-1,644,595,-1,595,594,-1,594,643,-1,643,644,
-1,645,596,-1,596,595,-1,595,644,-1,644,645,
-1,646,597,-1,597,596,-1,596,645,-1,645,646,
-1,647,598,-1,598,597,-1,597,646,-1,646,647,
-1,648,599,-1,599,598,-1,598,647,-1,647,648,
-1,649,600,-1,600,599,-1,599,648,-1,648,649,
-1,650,601,-1,601,600,-1,600,649,-1,649,650,
-1,651,602,-1,602,601,-1,601,650,-1,650,651,
-1,652,603,-1,603,602,-1,602,651,-1,651,652,
-1,653,604,-1,604,603,-1,603,652,-1,652,653,
-1,654,605,-1,605,604,-1,604,653,-1,653,654,
-1,655,606,-1,606,605,-1,605,654,-1,654,655,
-1,656,607,-1,607,606,-1,606,655,-1,655,656,
-1,657,608,-1,608,607,-1,607,656,-1,656,657,
-1,658,609,-1,609,608,-1,608,657,-1,657,658,
-1,659,610,-1,610,609,-1,609,658,-1,658,659,
-1,660,611,-1,611,610,-1,610,659,-1,659,660,
-1,661,612,-1,612,611,-1,611,660,-1,660,661,
-1,662,613,-1,613,612,-1,612,661,-1,661,662,
-1,663,614,-1,614,613,-1,613,662,-1,662,663,
-1,664,615,-1,615,614,-1,614,663,-1,663,664,
-1,665,616,-1,616,615,-1,615,664,-1,664,665,
-1,666,617,-1,617,616,-1,616,665,-1,665,666,
-1,667,618,-1,618,617,-1,617,666,-1,666,667,
-1,668,619,-1,619,618,-1,618,667,-1,667,668,
-1,669,620,-1,620,619,-1,619,668,-1,668,669,
-1,670,621,-1,621,620,-1,620,669,-1,669,670,
-1,671,622,-1,622,621,-1,621,670,-1,670,671,
-1,672,623,-1,623,622,-1,622,671,-1,671,672,
-1,673,624,-1,624,623,-1,623,672,-1,672,673,
-1,674,625,-1,625,624,-1,624,673,-1,673,674,
-1,675,626,-1,626,625,-1,625,674,-1,674,675,
-1,676,627,-1,627,626,-1,626,675,-1,675,676,
-1,677,628,-1,628,627,-1,627,676,-1,676,677,
-1,678,629,-1,629,628,-1,628,677,-1,677,678,
-1,679,630,-1,630,629,-1,629,678,-1,678,679,
-1,680,631,-1,631,630,-1,630,679,-1,679,680,
-1,681,632,-1,632,631,-1,631,680,-1,680,681,
-1,682,633,-1,633,632,-1,632,681,-1,681,682,
-1,683,634,-1,634,633,-1,633,682,-1,682,683,
-1,684,635,-1,635,634,-1,634,683,-1,683,684,
-1,685,636,-1,636,635,-1,635,684,-1,684,685,
-1,687,638,-1,638,637,-1,637,686,-1,686,687,
-1,688,639,-1,639,638,-1,638,687,-1,687,688,
-1,689,640,-1,640,639,-1,639,688,-1,688,689,
-1,690,641,-1,641,640,-1,640,689,-1,689,690,
-1,691,642,-1,642,641,-1,641,690,-1,690,691,
-1,692,643,-1,643,642,-1,642,691,-1,691,692,
-1,693,644,-1,644,643,-1,643,692,-1,692,693,
-1,694,645,-1,645,644,-1,644,693,-1,693,694,
-1,695,646,-1,646,645,-1,645,694,-1,694,695,
-1,696,647,-1,647,646,-1,646,695,-1,695,696,
-1,697,648,-1,648,647,-1,647,696,-1,696,697,
-1,698,649,-1,649,648,-1,648,697,-1,697,698,
-1,699,650,-1,650,649,-1,649,698,-1,698,699,
-1,700,651,-1,651,650,-1,650,699,-1,699,700,
-1,701,652,-1,652,651,-1,651,700,-1,700,701,
-1,702,653,-1,653,652,-1,652,701,-1,701,702,
-1,703,654,-1,654,653,-1,653,702,-1,702,703,
-1,704,655,-1,655,654,-1,654,703,-1,703,704,
-1,705,656,-1,656,655,-1,655,704,-1,704,705,
-1,706,657,-1,657,656,-1,656,705,-1,705,706,
-1,707,658,-1,658,657,-1,657,706,-1,706,707,
-1,708,659,-1,659,658,-1,658,707,-1,707,708,
-1,709,660,-1,660,659,-1,659,708,-1,708,709,
-1,710,661,-1,661,660,-1,660,709,-1,709,710,
-1,711,662,-1,662,661,-1,661,710,-1,710,711,
-1,712,663,-1,663,662,-1,662,711,-1,711,712,
-1,713,664,-1,664,663,-1,663,712,-1,712,713,
-1,714,665,-1,665,664,-1,664,713,-1,713,714,
-1,715,666,-1,666,665,-1,665,714,-1,714,715,
-1,716,667,-1,667,666,-1,666,715,-1,715,716,
-1,717,668,-1,668,667,-1,667,716,-1,716,717,
-1,718,669,-1,669,668,-1,668,717,-1,717,718,
-1,719,670,-1,670,669,-1,669,718,-1,718,719,
-1,720,671,-1,671,670,-1,670,719,-1,719,720,
-1,721,672,-1,672,671,-1,671,720,-1,720,721,
-1,722,673,-1,673,672,-1,672,721,-1,721,722,
-1,723,674,-1,674,673,-1,673,722,-1,722,723,
-1,724,675,-1,675,674,-1,674,723,-1,723,724,
-1,725,676,-1,676,675,-1,675,724,-1,724,725,
-1,726,677,-1,677,676,-1,676,725,-1,725,726,
-1,727,678,-1,678,677,-1,677,726,-1,726,727,
-1,728,679,-1,679,678,-1,678,727,-1,727,728,
-1,729,680,-1,680,679,-1,679,728,-1,728,729,
-1,730,681,-1,681,680,-1,680,729,-1,729,730,
-1,731,682,-1,682,681,-1,681,730,-1,730,731,
-1,732,683,-1,683,682,-1,682,731,-1,731,732,
-1,733,684,-1,684,683,-1,683,732,-1,732,733,
-1,734,685,-1,685,684,-1,684,733,-1,733,734,
-1,736,687,-1,687,686,-1,686,735,-1,735,736,
-1,737,688,-1,688,687,-1,687,736,-1,736,737,
-1,738,689,-1,689,688,-1,688,737,-1,737,738,
-1,739,690,-1,690,689,-1,689,738,-1,738,739,
-1,740,691,-1,691,690,-1,690,739,-1,739,740,
-1,741,692,-1,692,691,-1,691,740,-1,740,741,
-1,742,693,-1,693,692,-1,692,741,-1,741,742,
-1,743,694,-1,694,693,-1,693,742,-1,742,743,
-1,744,695,-1,695,694,-1,694,743,-1,743,744,
-1,745,696,-1,696,695,-1,695,744,-1,744,745,
-1,746,697,-1,697,696,-1,696,745,-1,745,746,
-1,747,698,-1,698,697,-1,697,746,-1,746,747,
-1,748,699,-1,699,698,-1,698,747,-1,747,748,
-1,749,700,-1,700,699,-1,699,748,-1,748,749,
-1,750,701,-1,701,700,-1,700,749,-1,749,750,
-1,751,702,-1,702,701,-1,701,750,-1,750,751,
-1,752,703,-1,703,702,-1,702,751,-1,751,752,
-1,753,704,-1,704,703,-1,703,752,-1,752,753,
-1,754,705,-1,705,704,-1,704,753,-1,753,754,
-1,755,706,-1,706,705,-1,705,754,-1,754,755,
-1,756,707,-1,707,706,-1,706,755,-1,755,756,
-1,757,708,-1,708,707,-1,707,756,-1,756,757,
-1,758,709,-1,709,708,-1,708,757,-1,757,758,
-1,759,710,-1,710,709,-1,709,758,-1,758,759,
-1,760,711,-1,711,710,-1,710,759,-1,759,760,
-1,761,712,-1,712,711,-1,711,760,-1,760,761,
-1,762,713,-1,713,712,-1,712,761,-1,761,762,
-1,763,714,-1,714,713,-1,713,762,-1,762,763,
-1,764,715,-1,715,714,-1,714,763,-1,763,764,
-1,765,716,-1,716,715,-1,715,764,-1,764,765,
-1,766,717,-1,717,716,-1,716,765,-1,765,766,
-1,767,718,-1,718,717,-1,717,766,-1,766,767,
-1,768,719,-1,719,718,-1,718,767,-1,767,768,
-1,769,720,-1,720,719,-1,719,768,-1,768,769,
-1,770,721,-1,721,720,-1,720,769,-1,769,770,
-1,771,722,-1,722,721,-1,721,770,-1,770,771,
-1,772,723,-1,723,722,-1,722,771,-1,771,772,
-1,773,724,-1,724,723,-1,723,772,-1,772,773,
-1,774,725,-1,725,724,-1,724,773,-1,773,774,
-1,775,726,-1,726,725,-1,725,774,-1,774,775,
-1,776,727,-1,727,726,-1,726,775,-1,775,776,
-1,777,728,-1,728,727,-1,727,776,-1,776,777,
-1,778,729,-1,729,728,-1,728,777,-1,777,778,
-1,779,730,-1,730,729,-1,729,778,-1,778,779,
-1,780,731,-1,731,730,-1,730,779,-1,779,780,
-1,781,732,-1,732,731,-1,731,780,-1,780,781,
-1,782,733,-1,733,732,-1,732,781,-1,781,782,
-1,783,734,-1,734,733,-1,733,782,-1,782,783,
-1,785,736,-1,736,735,-1,735,784,-1,784,785,
-1,786,737,-1,737,736,-1,736,785,-1,785,786,
-1,787,738,-1,738,737,-1,737,786,-1,786,787,
-1,788,739,-1,739,738,-1,738,787,-1,787,788,
-1,789,740,-1,740,739,-1,739,788,-1,788,789,
-1,790,741,-1,741,740,-1,740,789,-1,789,790,
-1,791,742,-1,742,741,-1,741,790,-1,790,791,
-1,792,743,-1,743,742,-1,742,791,-1,791,792,
-1,793,744,-1,744,743,-1,743,792,-1,792,793,
-1,794,745,-1,745,744,-1,744,793,-1,793,794,
-1,795,746,-1,746,745,-1,745,794,-1,794,795,
-1,796,747,-1,747,746,-1,746,795,-1,795,796,
-1,797,748,-1,748,747,-1,747,796,-1,796,797,
-1,798,749,-1,749,748,-1,748,797,-1,797,798,
-1,799,750,-1,750,749,-1,749,798,-1,798,799,
-1,800,751,-1,751,750,-1,750,799,-1,799,800,
-1,801,752,-1,752,751,-1,751,800,-1,800,801,
-1,802,753,-1,753,752,-1,752,801,-1,801,802,
-1,803,754,-1,754,753,-1,753,802,-1,802,803,
-1,804,755,-1,755,754,-1,754,803,-1,803,804,
-1,805,756,-1,756,755,-1,755,804,-1,804,805,
-1,806,757,-1,757,756,-1,756,805,-1,805,806,
-1,807,758,-1,758,757,-1,757,806,-1,806,807,
-1,808,759,-1,759,758,-1,758,807,-1,807,808,
-1,809,760,-1,760,759,-1,759,808,-1,808,809,
-1,810,761,-1,761,760,-1,760,809,-1,809,810,
-1,811,762,-1,762,761,-1,761,810,-1,810,811,
-1,812,763,-1,763,762,-1,762,811,-1,811,812,
-1,813,764,-1,764,763,-1,763,812,-1,812,813,
-1,814,765,-1,765,764,-1,764,813,-1,813,814,
-1,815,766,-1,766,765,-1,765,814,-1,814,815,
-1,816,767,-1,767,766,-1,766,815,-1,815,816,
-1,817,768,-1,768,767,-1,767,816,-1,816,817,
-1,818,769,-1,769,768,-1,768,817,-1,817,818,
-1,819,770,-1,770,769,-1,769,818,-1,818,819,
-1,820,771,-1,771,770,-1,770,819,-1,819,820,
-1,821,772,-1,772,771,-1,771,820,-1,820,821,
-1,822,773,-1,773,772,-1,772,821,-1,821,822,
-1,823,774,-1,774,773,-1,773,822,-1,822,823,
-1,824,775,-1,775,774,-1,774,823,-1,823,824,
-1,825,776,-1,776,775,-1,775,824,-1,824,825,
-1,826,777,-1,777,776,-1,776,825,-1,825,826,
-1,827,778,-1,778,777,-1,777,826,-1,826,827,
-1,828,779,-1,779,778,-1,778,827,-1,827,828,
-1,829,780,-1,780,779,-1,779,828,-1,828,829,
-1,830,781,-1,781,780,-1,780,829,-1,829,830,
-1,831,782,-1,782,781,-1,781,830,-1,830,831,
-1,832,783,-1,783,782,-1,782,831,-1,831,832,
-1,834,785,-1,785,784,-1,784,833,-1,833,834,
-1,835,786,-1,786,785,-1,785,834,-1,834,835,
-1,836,787,-1,787,786,-1,786,835,-1,835,836,
-1,837,788,-1,788,787,-1,787,836,-1,836,837,
-1,838,789,-1,789,788,-1,788,837,-1,837,838,
-1,839,790,-1,790,789,-1,789,838,-1,838,839,
-1,840,791,-1,791,790,-1,790,839,-1,839,840,
-1,841,792,-1,792,791,-1,791,840,-1,840,841,
-1,842,793,-1,793,792,-1,792,841,-1,841,842,
-1,843,794,-1,794,793,-1,793,842,-1,842,843,
-1,844,795,-1,795,794,-1,794,843,-1,843,844,
-1,845,796,-1,796,795,-1,795,844,-1,844,845,
-1,846,797,-1,797,796,-1,796,845,-1,845,846,
-1,847,798,-1,798,797,-1,797,846,-1,846,847,
-1,848,799,-1,799,798,-1,798,847,-1,847,848,
-1,849,800,-1,800,799,-1,799,848,-1,848,849,
-1,850,801,-1,801,800,-1,800,849,-1,849,850,
-1,851,802,-1,802,801,-1,801,850,-1,850,851,
-1,852,803,-1,803,802,-1,802,851,-1,851,852,
-1,853,804,-1,804,803,-1,803,852,-1,852,853,
-1,854,805,-1,805,804,-1,804,853,-1,853,854,
-1,855,806,-1,806,805,-1,805,854,-1,854,855,
-1,856,807,-1,807,806,-1,806,855,-1,855,856,
-1,857,808,-1,808,807,-1,807,856,-1,856,857,
-1,858,809,-1,809,808,-1,808,857,-1,857,858,
-1,859,810,-1,810,809,-1,809,858,-1,858,859,
-1,860,811,-1,811,810,-1,810,859,-1,859,860,
-1,861,812,-1,812,811,-1,811,860,-1,860,861,
-1,862,813,-1,813,812,-1,812,861,-1,861,862,
-1,863,814,-1,814,813,-1,813,862,-1,862,863,
-1,864,815,-1,815,814,-1,814,863,-1,863,864,
-1,865,816,-1,816,815,-1,815,864,-1,864,865,
-1,866,817,-1,817,816,-1,816,865,-1,865,866,
-1,867,818,-1,818,817,-1,817,866,-1,866,867,
-1,868,819,-1,819,818,-1,818,867,-1,867,868,
-1,869,820,-1,820,819,-1,819,868,-1,868,869,
-1,870,821,-1,821,820,-1,820,869,-1,869,870,
-1,871,822,-1,822,821,-1,821,870,-1,870,871,
-1,872,823,-1,823,822,-1,822,871,-1,871,872,
-1,873,824,-1,824,823,-1,823,872,-1,872,873,
-1,874,825,-1,825,824,-1,824,873,-1,873,874,
-1,875,826,-1,826,825,-1,825,874,-1,874,875,
-1,876,827,-1,827,826,-1,826,875,-1,875,876,
-1,877,828,-1,828,827,-1,827,876,-1,876,877,
-1,878,829,-1,829,828,-1,828,877,-1,877,878,
-1,879,830,-1,830,829,-1,829,878,-1,878,879,
-1,880,831,-1,831,830,-1,830,879,-1,879,880,
-1,881,832,-1,832,831,-1,831,880,-1,880,881,
-1,883,834,-1,834,833,-1,833,882,-1,882,883,
-1,884,835,-1,835,834,-1,834,883,-1,883,884,
-1,885,836,-1,836,835,-1,835,884,-1,884,885,
-1,886,837,-1,837,836,-1,836,885,-1,885,886,
-1,887,838,-1,838,837,-1,837,886,-1,886,887,
-1,888,839,-1,839,838,-1,838,887,-1,887,888,
-1,889,840,-1,840,839,-1,839,888,-1,888,889,
-1,890,841,-1,841,840,-1,840,889,-1,889,890,
-1,891,842,-1,842,841,-1,841,890,-1,890,891,
-1,892,843,-1,843,842,-1,842,891,-1,891,892,
-1,893,844,-1,844,843,-1,843,892,-1,892,893,
-1,894,845,-1,845,844,-1,844,893,-1,893,894,
-1,895,846,-1,846,845,-1,845,894,-1,894,895,
-1,896,847,-1,847,846,-1,846,895,-1,895,896,
-1,897,848,-1,848,847,-1,847,896,-1,896,897,
-1,898,849,-1,849,848,-1,848,897,-1,897,898,
-1,899,850,-1,850,849,-1,849,898,-1,898,899,
-1,900,851,-1,851,850,-1,850,899,-1,899,900,
-1,901,852,-1,852,851,-1,851,900,-1,900,901,
-1,902,853,-1,853,852,-1,852,901,-1,901,902,
-1,903,854,-1,854,853,-1,853,902,-1,902,903,
-1,904,855,-1,855,854,-1,854,903,-1,903,904,
-1,905,856,-1,856,855,-1,855,904,-1,904,905,
-1,906,857,-1,857,856,-1,856,905,-1,905,906,
-1,907,858,-1,858,857,-1,857,906,-1,906,907,
-1,908,859,-1,859,858,-1,858,907,-1,907,908,
-1,909,860,-1,860,859,-1,859,908,-1,908,909,
-1,910,861,-1,861,860,-1,860,909,-1,909,910,
-1,911,862,-1,862,861,-1,861,910,-1,910,911,
-1,912,863,-1,863,862,-1,862,911,-1,911,912,
-1,913,864,-1,864,863,-1,863,912,-1,912,913,
-1,914,865,-1,865,864,-1,864,913,-1,913,914,
-1,915,866,-1,866,865,-1,865,914,-1,914,915,
-1,916,867,-1,867,866,-1,866,915,-1,915,916,
-1,917,868,-1,868,867,-1,867,916,-1,916,917,
-1,918,869,-1,869,868,-1,868,917,-1,917,918,
-1,919,870,-1,870,869,-1,869,918,-1,918,919,
-1,920,871,-1,871,870,-1,870,919,-1,919,920,
-1,921,872,-1,872,871,-1,871,920,-1,920,921,
-1,922,873,-1,873,872,-1,872,921,-1,921,922,
-1,923,874,-1,874,873,-1,873,922,-1,922,923,
-1,924,875,-1,875,874,-1,874,923,-1,923,924,
-1,925,876,-1,876,875,-1,875,924,-1,924,925,
-1,926,877,-1,877,876,-1,876,925,-1,925,926,
-1,927,878,-1,878,877,-1,877,926,-1,926,927,
-1,928,879,-1,879,878,-1,878,927,-1,927,928,
-1,929,880,-1,880,879,-1,879,928,-1,928,929,
-1,930,881,-1,881,880,-1,880,929,-1,929,930,
-1,932,883,-1,883,882,-1,882,931,-1,931,932,
-1,933,884,-1,884,883,-1,883,932,-1,932,933,
-1,934,885,-1,885,884,-1,884,933,-1,933,934,
-1,935,886,-1,886,885,-1,885,934,-1,934,935,
-1,936,887,-1,887,886,-1,886,935,-1,935,936,
-1,937,888,-1,888,887,-1,887,936,-1,936,937,
-1,938,889,-1,889,888,-1,888,937,-1,937,938,
-1,939,890,-1,890,889,-1,889,938,-1,938,939,
-1,940,891,-1,891,890,-1,890,939,-1,939,940,
-1,941,892,-1,892,891,-1,891,940,-1,940,941,
-1,942,893,-1,893,892,-1,892,941,-1,941,942,
-1,943,894,-1,894,893,-1,893,942,-1,942,943,
-1,944,895,-1,895,894,-1,894,943,-1,943,944,
-1,945,896,-1,896,895,-1,895,944,-1,944,945,
-1,946,897,-1,897,896,-1,896,945,-1,945,946,
-1,947,898,-1,898,897,-1,897,946,-1,946,947,
-1,948,899,-1,899,898,-1,898,947,-1,947,948,
-1,949,900,-1,900,899,-1,899,948,-1,948,949,
-1,950,901,-1,901,900,-1,900,949,-1,949,950,
-1,951,902,-1,902,901,-1,901,950,-1,950,951,
-1,952,903,-1,903,902,-1,902,951,-1,951,952,
-1,953,904,-1,904,903,-1,903,952,-1,952,953,
-1,954,905,-1,905,904,-1,904,953,-1,953,954,
-1,955,906,-1,906,905,-1,905,954,-1,954,955,
-1,956,907,-1,907,906,-1,906,955,-1,955,956,
-1,957,908,-1,908,907,-1,907,956,-1,956,957,
-1,958,909,-1,909,908,-1,908,957,-1,957,958,
-1,959,910,-1,910,909,-1,909,958,-1,958,959,
-1,960,911,-1,911,910,-1,910,959,-1,959,960,
-1,961,912,-1,912,911,-1,911,960,-1,960,961,
-1,962,913,-1,913,912,-1,912,961,-1,961,962,
-1,963,914,-1,914,913,-1,913,962,-1,962,963,
-1,964,915,-1,915,914,-1,914,963,-1,963,964,
-1,965,916,-1,916,915,-1,915,964,-1,964,965,
-1,966,917,-1,917,916,-1,916,965,-1,965,966,
-1,967,918,-1,918,917,-1,917,966,-1,966,967,
-1,968,919,-1,919,918,-1,918,967,-1,967,968,
-1,969,920,-1,920,919,-1,919,968,-1,968,969,
-1,970,921,-1,921,920,-1,920,969,-1,969,970,
-1,971,922,-1,922,921,-1,921,970,-1,970,971,
-1,972,923,-1,923,922,-1,922,971,-1,971,972,
-1,973,924,-1,924,923,-1,923,972,-1,972,973,
-1,974,925,-1,925,924,-1,924,973,-1,973,974,
-1,975,926,-1,926,925,-1,925,974,-1,974,975,
-1,976,927,-1,927,926,-1,926,975,-1,975,976,
-1,977,928,-1,928,927,-1,927,976,-1,976,977,
-1,978,929,-1,929,928,-1,928,977,-1,977,978,
-1,979,930,-1,930,929,-1,929,978,-1,978,979,
-1,981,932,-1,932,931,-1,931,980,-1,980,981,
-1,982,933,-1,933,932,-1,932,981,-1,981,982,
-1,983,934,-1,934,933,-1,933,982,-1,982,983,
-1,984,935,-1,935,934,-1,934,983,-1,983,984,
-1,985,936,-1,936,935,-1,935,984,-1,984,985,
-1,986,937,-1,937,936,-1,936,985,-1,985,986,
-1,987,938,-1,938,937,-1,937,986,-1,986,987,
-1,988,939,-1,939,938,-1,938,987,-1,987,988,
-1,989,940,-1,940,939,-1,939,988,-1,988,989,
-1,990,941,-1,941,940,-1,940,989,-1,989,990,
-1,991,942,-1,942,941,-1,941,990,-1,990,991,
-1,992,943,-1,943,942,-1,942,991,-1,991,992,
-1,993,944,-1,944,943,-1,943,992,-1,992,993,
-1,994,945,-1,945,944,-1,944,993,-1,993,994,
-1,995,946,-1,946,945,-1,945,994,-1,994,995,
-1,996,947,-1,947,946,-1,946,995,-1,995,996,
-1,997,948,-1,948,947,-1,947,996,-1,996,997,
-1,998,949,-1,949,948,-1,948,997,-1,997,998,
-1,999,950,-1,950,949,-1,949,998,-1,998,999,
-1,1000,951,-1,951,950,-1,950,999,-1,999,1000,
-1,1001,952,-1,952,951,-1,951,1000,-1,1000,1001,
-1,1002,953,-1,953,952,-1,952,1001,-1,1001,1002,
-1,1003,954,-1,954,953,-1,953,1002,-1,1002,1003,
-1,1004,955,-1,955,954,-1,954,1003,-1,1003,1004,
-1,1005,956,-1,956,955,-1,955,1004,-1,1004,1005,
-1,1006,957,-1,957,956,-1,956,1005,-1,1005,1006,
-1,1007,958,-1,958,957,-1,957,1006,-1,1006,1007,
-1,1008,959,-1,959,958,-1,958,1007,-1,1007,1008,
-1,1009,960,-1,960,959,-1,959,1008,-1,1008,1009,
-1,1010,961,-1,961,960,-1,960,1009,-1,1009,1010,
-1,1011,962,-1,962,961,-1,961,1010,-1,1010,1011,
-1,1012,963,-1,963,962,-1,962,1011,-1,1011,1012,
-1,1013,964,-1,964,963,-1,963,1012,-1,1012,1013,
-1,1014,965,-1,965,964,-1,964,1013,-1,1013,1014,
-1,1015,966,-1,966,965,-1,965,1014,-1,1014,1015,
-1,1016,967,-1,967,966,-1,966,1015,-1,1015,1016,
-1,1017,968,-1,968,967,-1,967,1016,-1,1016,1017,
-1,1018,969,-1,969,968,-1,968,1017,-1,1017,1018,
-1,1019,970,-1,970,969,-1,969,1018,-1,1018,1019,
-1,1020,971,-1,971,970,-1,970,1019,-1,1019,1020,
-1,1021,972,-1,972,971,-1,971,1020,-1,1020,1021,
-1,1022,973,-1,973,972,-1,972,1021,-1,1021,1022,
-1,1023,974,-1,974,973,-1,973,1022,-1,1022,1023,
-1,1024,975,-1,975,974,-1,974,1023,-1,1023,1024,
-1,1025,976,-1,976,975,-1,975,1024,-1,1024,1025,
-1,1026,977,-1,977,976,-1,976,1025,-1,1025,1026,
-1,1027,978,-1,978,977,-1,977,1026,-1,1026,1027,
-1,1028,979,-1,979,978,-1,978,1027,-1,1027,1028,
-1,1030,981,-1,981,980,-1,980,1029,-1,1029,1030,
-1,1031,982,-1,982,981,-1,981,1030,-1,1030,1031,
-1,1032,983,-1,983,982,-1,982,1031,-1,1031,1032,
-1,1033,984,-1,984,983,-1,983,1032,-1,1032,1033,
-1,1034,985,-1,985,984,-1,984,1033,-1,1033,1034,
-1,1035,986,-1,986,985,-1,985,1034,-1,1034,1035,
-1,1036,987,-1,987,986,-1,986,1035,-1,1035,1036,
-1,1037,988,-1,988,987,-1,987,1036,-1,1036,1037,
-1,1038,989,-1,989,988,-1,988,1037,-1,1037,1038,
-1,1039,990,-1,990,989,-1,989,1038,-1,1038,1039,
-1,1040,991,-1,991,990,-1,990,1039,-1,1039,1040,
-1,1041,992,-1,992,991,-1,991,1040,-1,1040,1041,
-1,1042,993,-1,993,992,-1,992,1041,-1,1041,1042,
-1,1043,994,-1,994,993,-1,993,1042,-1,1042,1043,
-1,1044,995,-1,995,994,-1,994,1043,-1,1043,1044,
-1,1045,996,-1,996,995,-1,995,1044,-1,1044,1045,
-1,1046,997,-1,997,996,-1,996,1045,-1,1045,1046,
-1,1047,998,-1,998,997,-1,997,1046,-1,1046,1047,
-1,1048,999,-1,999,998,-1,998,1047,-1,1047,1048,
-1,1049,1000,-1,1000,999,-1,999,1048,-1,1048,1049,
-1,1050,1001,-1,1001,1000,-1,1000,1049,-1,1049,1050,
-1,1051,1002,-1,1002,1001,-1,1001,1050,-1,1050,1051,
-1,1052,1003,-1,1003,1002,-1,1002,1051,-1,1051,1052,
-1,1053,1004,-1,1004,1003,-1,1003,1052,-1,1052,1053,
-1,1054,1005,-1,1005,1004,-1,1004,1053,-1,1053,1054,
-1,1055,1006,-1,1006,1005,-1,1005,1054,-1,1054,1055,
-1,1056,1007,-1,1007,1006,-1,1006,1055,-1,1055,1056,
-1,1057,1008,-1,1008,1007,-1,1007,1056,-1,1056,1057,
-1,1058,1009,-1,1009,1008,-1,1008,1057,-1,1057,1058,
-1,1059,1010,-1,1010,1009,-1,1009,1058,-1,1058,1059,
-1,1060,1011,-1,1011,1010,-1,1010,1059,-1,1059,1060,
-1,1061,1012,-1,1012,1011,-1,1011,1060,-1,1060,1061,
-1,1062,1013,-1,1013,1012,-1,1012,1061,-1,1061,1062,
-1,1063,1014,-1,1014,1013,-1,1013,1062,-1,1062,1063,
-1,1064,1015,-1,1015,1014,-1,1014,1063,-1,1063,1064,
-1,1065,1016,-1,1016,1015,-1,1015,1064,-1,1064,1065,
-1,1066,1017,-1,1017,1016,-1,1016,1065,-1,1065,1066,
-1,1067,1018,-1,1018,1017,-1,1017,1066,-1,1066,1067,
-1,1068,1019,-1,1019,1018,-1,1018,1067,-1,1067,1068,
-1,1069,1020,-1,1020,1019,-1,1019,1068,-1,1068,1069,
-1,1070,1021,-1,1021,1020,-1,1020,1069,-1,1069,1070,
-1,1071,1022,-1,1022,1021,-1,1021,1070,-1,1070,1071,
-1,1072,1023,-1,1023,1022,-1,1022,1071,-1,1071,1072,
-1,1073,1024,-1,1024,1023,-1,1023,1072,-1,1072,1073,
-1,1074,1025,-1,1025,1024,-1,1024,1073,-1,1073,1074,
-1,1075,1026,-1,1026,1025,-1,1025,1074,-1,1074,1075,
-1,1076,1027,-1,1027,1026,-1,1026,1075,-1,1075,1076,
-1,1077,1028,-1,1028,1027,-1,1027,1076,-1,1076,1077,
-1,1079,1030,-1,1030,1029,-1,1029,1078,-1,1078,1079,
-1,1080,1031,-1,1031,1030,-1,1030,1079,-1,1079,1080,
-1,1081,1032,-1,1032,1031,-1,1031,1080,-1,1080,1081,
-1,1082,1033,-1,1033,1032,-1,1032,1081,-1,1081,1082,
-1,1083,1034,-1,1034,1033,-1,1033,1082,-1,1082,1083,
-1,1084,1035,-1,1035,1034,-1,1034,1083,-1,1083,1084,
-1,1085,1036,-1,1036,1035,-1,1035,1084,-1,1084,1085,
-1,1086,1037,-1,1037,1036,-1,1036,1085,-1,1085,1086,
-1,1087,1038,-1,1038,1037,-1,1037,1086,-1,1086,1087,
-1,1088,1039,-1,1039,1038,-1,1038,1087,-1,1087,1088,
-1,1089,1040,-1,1040,1039,-1,1039,1088,-1,1088,1089,
-1,1090,1041,-1,1041,1040,-1,1040,1089,-1,1089,1090,
-1,1091,1042,-1,1042,1041,-1,1041,1090,-1,1090,1091,
-1,1092,1043,-1,1043,1042,-1,1042,1091,-1,1091,1092,
-1,1093,1044,-1,1044,1043,-1,1043,1092,-1,1092,1093,
-1,1094,1045,-1,1045,1044,-1,1044,1093,-1,1093,1094,
-1,1095,1046,-1,1046,1045,-1,1045,1094,-1,1094,1095,
-1,1096,1047,-1,1047,1046,-1,1046,1095,-1,1095,1096,
-1,1097,1048,-1,1048,1047,-1,1047,1096,-1,1096,1097,
-1,1098,1049,-1,1049,1048,-1,1048,1097,-1,1097,1098,
-1,1099,1050,-1,1050,1049,-1,1049,1098,-1,1098,1099,
-1,1100,1051,-1,1051,1050,-1,1050,1099,-1,1099,1100,
-1,1101,1052,-1,1052,1051,-1,1051,1100,-1,1100,1101,
-1,1102,1053,-1,1053,1052,-1,1052,1101,-1,1101,1102,
-1,1103,1054,-1,1054,1053,-1,1053,1102,-1,1102,1103,
-1,1104,1055,-1,1055,1054,-1,1054,1103,-1,1103,1104,
-1,1105,1056,-1,1056,1055,-1,1055,1104,-1,1104,1105,
-1,1106,1057,-1,1057,1056,-1,1056,1105,-1,1105,1106,
-1,1107,1058,-1,1058,1057,-1,1057,1106,-1,1106,1107,
-1,1108,1059,-1,1059,1058,-1,1058,1107,-1,1107,1108,
-1,1109,1060,-1,1060,1059,-1,1059,1108,-1,1108,1109,
-1,1110,1061,-1,1061,1060,-1,1060,1109,-1,1109,1110,
-1,1111,1062,-1,1062,1061,-1,1061,1110,-1,1110,1111,
-1,1112,1063,-1,1063,1062,-1,1062,1111,-1,1111,1112,
-1,1113,1064,-1,1064,1063,-1,1063,1112,-1,1112,1113,
-1,1114,1065,-1,1065,1064,-1,1064,1113,-1,1113,1114,
-1,1115,1066,-1,1066,1065,-1,1065,1114,-1,1114,1115,
-1,1116,1067,-1,1067,1066,-1,1066,1115,-1,1115,1116,
-1,1117,1068,-1,1068,1067,-1,1067,1116,-1,1116,1117,
-1,1118,1069,-1,1069,1068,-1,1068,1117,-1,1117,1118,
-1,1119,1070,-1,1070,1069,-1,1069,1118,-1,1118,1119,
-1,1120,1071,-1,1071,1070,-1,1070,1119,-1,1119,1120,
-1,1121,1072,-1,1072,1071,-1,1071,1120,-1,1120,1121,
-1,1122,1073,-1,1073,1072,-1,1072,1121,-1,1121,1122,
-1,1123,1074,-1,1074,1073,-1,1073,1122,-1,1122,1123,
-1,1124,1075,-1,1075,1074,-1,1074,1123,-1,1123,1124,
-1,1125,1076,-1,1076,1075,-1,1075,1124,-1,1124,1125,
-1,1126,1077,-1,1077,1076,-1,1076,1125,-1,1125,1126,
-1,1128,1079,-1,1079,1078,-1,1078,1127,-1,1127,1128,
-1,1129,1080,-1,1080,1079,-1,1079,1128,-1,1128,1129,
-1,1130,1081,-1,1081,1080,-1,1080,1129,-1,1129,1130,
-1,1131,1082,-1,1082,1081,-1,1081,1130,-1,1130,1131,
-1,1132,1083,-1,1083,1082,-1,1082,1131,-1,1131,1132,
-1,1133,1084,-1,1084,1083,-1,1083,1132,-1,1132,1133,
-1,1134,1085,-1,1085,1084,-1,1084,1133,-1,1133,1134,
-1,1135,1086,-1,1086,1085,-1,1085,1134,-1,1134,1135,
-1,1136,1087,-1,1087,1086,-1,1086,1135,-1,1135,1136,
-1,1137,1088,-1,1088,1087,-1,1087,1136,-1,1136,1137,
-1,1138,1089,-1,1089,1088,-1,1088,1137,-1,1137,1138,
-1,1139,1090,-1,1090,1089,-1,1089,1138,-1,1138,1139,
-1,1140,1091,-1,1091,1090,-1,1090,1139,-1,1139,1140,
-1,1141,1092,-1,1092,1091,-1,1091,1140,-1,1140,1141,
-1,1142,1093,-1,1093,1092,-1,1092,1141,-1,1141,1142,
-1,1143,1094,-1,1094,1093,-1,1093,1142,-1,1142,1143,
-1,1144,1095,-1,1095,1094,-1,1094,1143,-1,1143,1144,
-1,1145,1096,-1,1096,1095,-1,1095,1144,-1,1144,1145,
-1,1146,1097,-1,1097,1096,-1,1096,1145,-1,1145,1146,
-1,1147,1098,-1,1098,1097,-1,1097,1146,-1,1146,1147,
-1,1148,1099,-1,1099,1098,-1,1098,1147,-1,1147,1148,
-1,1149,1100,-1,1100,1099,-1,1099,1148,-1,1148,1149,
-1,1150,1101,-1,1101,1100,-1,1100,1149,-1,1149,1150,
-1,1151,1102,-1,1102,1101,-1,1101,1150,-1,1150,1151,
-1,1152,1103,-1,1103,1102,-1,1102,1151,-1,1151,1152,
-1,1153,1104,-1,1104,1103,-1,1103,1152,-1,1152,1153,
-1,1154,1105,-1,1105,1104,-1,1104,1153,-1,1153,1154,
-1,1155,1106,-1,1106,1105,-1,1105,1154,-1,1154,1155,
-1,1156,1107,-1,1107,1106,-1,1106,1155,-1,1155,1156,
-1,1157,1108,-1,1108,1107,-1,1107,1156,-1,1156,1157,
-1,1158,1109,-1,1109,1108,-1,1108,1157,-1,1157,1158,
-1,1159,1110,-1,1110,1109,-1,1109,1158,-1,1158,1159,
-1,1160,1111,-1,1111,1110,-1,1110,1159,-1,1159,1160,
-1,1161,1112,-1,1112,1111,-1,1111,1160,-1,1160,1161,
-1,1162,1113,-1,1113,1112,-1,1112,1161,-1,1161,1162,
-1,1163,1114,-1,1114,1113,-1,1113,1162,-1,1162,1163,
-1,1164,1115,-1,1115,1114,-1,1114,1163,-1,1163,1164,
-1,1165,1116,-1,1116,1115,-1,1115,1164,-1,1164,1165,
-1,1166,1117,-1,1117,1116,-1,1116,1165,-1,1165,1166,
-1,1167,1118,-1,1118,1117,-1,1117,1166,-1,1166,1167,
-1,1168,1119,-1,1119,1118,-1,1118,1167,-1,1167,1168,
-1,1169,1120,-1,1120,1119,-1,1119,1168,-1,1168,1169,
-1,1170,1121,-1,1121,1120,-1,1120,1169,-1,1169,1170,
-1,1171,1122,-1,1122,1121,-1,1121,1170,-1,1170,1171,
-1,1172,1123,-1,1123,1122,-1,1122,1171,-1,1171,1172,
-1,1173,1124,-1,1124,1123,-1,1123,1172,-1,1172,1173,
-1,1174,1125,-1,1125,1124,-1,1124,1173,-1,1173,1174,
-1,1175,1126,-1,1126,1125,-1,1125,1174,-1,1174,1175,
-1,1176,1128,-1,1128,1127,-1,1127,1176,-1,1176,1176,
-1,1176,1129,-1,1129,1128,-1,1128,1176,-1,1176,1176,
-1,1176,1130,-1,1130,1129,-1,1129,1176,-1,1176,1176,
-1,1176,1131,-1,1131,1130,-1,1130,1176,-1,1176,1176,
-1,1176,1132,-1,1132,1131,-1,1131,1176,-1,1176,1176,
-1,1176,1133,-1,1133,1132,-1,1132,1176,-1,1176,1176,
-1,1176,1134,-1,1134,1133,-1,1133,1176,-1,1176,1176,
-1,1176,1135,-1,1135,1134,-1,1134,1176,-1,1176,1176,
-1,1176,1136,-1,1136,1135,-1,1135,1176,-1,1176,1176,
-1,1176,1137,-1,1137,1136,-1,1136,1176,-1,1176,1176,
-1,1176,1138,-1,1138,1137,-1,1137,1176,-1,1176,1176,
-1,1176,1139,-1,1139,1138,-1,1138,1176,-1,1176,1176,
-1,1176,1140,-1,1140,1139,-1,1139,1176,-1,1176,1176,
-1,1176,1141,-1,1141,1140,-1,1140,1176,-1,1176,1176,
-1,1176,1142,-1,1142,1141,-1,1141,1176,-1,1176,1176,
-1,1176,1143,-1,1143,1142,-1,1142,1176,-1,1176,1176,
-1,1176,1144,-1,1144,1143,-1,1143,1176,-1,1176,1176,
-1,1176,1145,-1,1145,1144,-1,1144,1176,-1,1176,1176,
-1,1176,1146,-1,1146,1145,-1,1145,1176,-1,1176,1176,
-1,1176,1147,-1,1147,1146,-1,1146,1176,-1,1176,1176,
-1,1176,1148,-1,1148,1147,-1,1147,1176,-1,1176,1176,
-1,1176,1149,-1,1149,1148,-1,1148,1176,-1,1176,1176,
-1,1176,1150,-1,1150,1149,-1,1149,1176,-1,1176,1176,
-1,1176,1151,-1,1151,1150,-1,1150,1176,-1,1176,1176,
-1,1176,1152,-1,1152,1151,-1,1151,1176,-1,1176,1176,
-1,1176,1153,-1,1153,1152,-1,1152,1176,-1,1176,1176,
-1,1176,1154,-1,1154,1153,-1,1153,1176,-1,1176,1176,
-1,1176,1155,-1,1155,1154,-1,1154,1176,-1,1176,1176,
-1,1176,1156,-1,1156,1155,-1,1155,1176,-1,1176,1176,
-1,1176,1157,-1,1157,1156,-1,1156,1176,-1,1176,1176,
-1,1176,1158,-1,1158,1157,-1,1157,1176,-1,1176,1176,
-1,1176,1159,-1,1159,1158,-1,1158,1176,-1,1176,1176,
-1,1176,1160,-1,1160,1159,-1,1159,1176,-1,1176,1176,
-1,1176,1161,-1,1161,1160,-1,1160,1176,-1,1176,1176,
-1,1176,1162,-1,1162,1161,-1,1161,1176,-1,1176,1176,
-1,1176,1163,-1,1163,1162,-1,1162,1176,-1,1176,1176,
-1,1176,1164,-1,1164,1163,-1,1163,1176,-1,1176,1176,
-1,1176,1165,-1,1165,1164,-1,1164,1176,-1,1176,1176,
-1,1176,1166,-1,1166,1165,-1,1165,1176,-1,1176,1176,
-1,1176,1167,-1,1167,1166,-1,1166,1176,-1,1176,1176,
-1,1176,1168,-1,1168,1167,-1,1167,1176,-1,1176,1176,
-1,1176,1169,-1,1169,1168,-1,1168,1176,-1,1176,1176,
-1,1176,1170,-1,1170,1169,-1,1169,1176,-1,1176,1176,
-1,1176,1171,-1,1171,1170,-1,1170,1176,-1,1176,1176,
-1,1176,1172,-1,1172,1171,-1,1171,1176,-1,1176,1176,
-1,1176,1173,-1,1173,1172,-1,1172,1176,-1,1176,1176,
-1,1176,1174,-1,1174,1173,-1,1173,1176,-1,1176,1176,
-1,1176,1175,-1,1175,1174,-1,1174,1176,-1,1176,1176,
0,49,98,147,196,245,294,343,392,441,490,539,588,637,686,735,784,833,882,931,980,1029,1078,1127,1176,1175,1126,1077,1028,979,930,881,832,783,734,685,636,587,538,489,440,391,342,293,244,195,146,97,
