1200,24,48,2.186162,2.171809,
0.277999,0.153444,
0.277999,0.153444,
0.277999,0.153444,
0.277999,0.153444,
0.277999,0.153444,
0.277999,0.153444,
0.277999,0.153444,
0.277999,0.153444,
0.277999,0.153444,
0.277999,0.153444,
0.277999,0.153444,
0.277999,0.153444,
0.277999,0.153444,
0.277999,0.153444,
0.277999,0.153444,
0.277999,0.153444,
0.277999,0.153444,
0.277999,0.153444,
0.277999,0.153444,
0.277999,0.153444,
0.277999,0.153444,
0.277999,0.153444,
0.277999,0.153444,
0.277999,0.153444,
0.277999,0.153444,
0.277999,0.153444,
0.277999,0.153444,
0.277999,0.153444,
0.277999,0.153444,
0.277999,0.153444,
0.277999,0.153444,
0.277999,0.153444,
0.277999,0.153444,
0.277999,0.153444,
0.277999,0.153444,
0.277999,0.153444,
0.277999,0.153444,
0.277999,0.153444,
0.277999,0.153444,
0.277999,0.153444,
0.277999,0.153444,
0.277999,0.153444,
0.277999,0.153444,
0.277999,0.153444,
0.277999,0.153444,
0.277999,0.153444,
0.277999,0.153444,
0.277999,0.153444,
0.383794,0.177922,
0.387143,0.184481,
0.388623,0.190609,
0.387893,0.196114,
0.384866,0.200913,
0.379364,0.204831,
0.371877,0.207920,
0.362641,0.210188,
0.351904,0.211626,
0.339941,0.212317,
0.327128,0.212360,
0.313453,0.211536,
0.299008,0.209852,
0.284103,0.207703,
0.269029,0.205045,
0.254009,0.201469,
0.239380,0.196968,
0.225580,0.191357,
0.212923,0.184843,
0.201487,0.177810,
0.191733,0.169995,
0.183281,0.162186,
0.175122,0.154547,
0.168201,0.147611,
0.163260,0.141009,
0.160470,0.134775,
0.158839,0.128666,
0.158019,0.122531,
0.160179,0.117442,
0.165226,0.113404,
0.172571,0.110235,
0.181690,0.107788,
0.192216,0.106107,
0.203758,0.105027,
0.215972,0.104610,
0.229048,0.105032,
0.242915,0.106416,
0.257504,0.108615,
0.272361,0.111429,
0.287204,0.115454,
0.301734,0.120824,
0.315658,0.127243,
0.328788,0.134289,
0.341135,0.141566,
0.352544,0.148963,
0.362702,0.156409,
0.371429,0.163780,
0.378552,0.171002,
0.485144,0.187869,
0.492484,0.204367,
0.494358,0.220192,
0.490044,0.235282,
0.480549,0.249230,
0.466829,0.261528,
0.449521,0.272020,
0.429378,0.280296,
0.406962,0.286533,
0.382534,0.290797,
0.356770,0.292444,
0.330277,0.292065,
0.302775,0.290424,
0.274568,0.286547,
0.246403,0.280282,
0.218599,0.272238,
0.191289,0.262624,
0.164994,0.251684,
0.140102,0.239669,
0.117349,0.226042,
0.096941,0.211376,
0.078909,0.195947,
0.064681,0.181537,
0.053587,0.168829,
0.045557,0.156473,
0.041492,0.143617,
0.042952,0.129050,
0.049106,0.111903,
0.059488,0.095913,
0.072736,0.081694,
0.088299,0.068567,
0.105974,0.056616,
0.125881,0.046521,
0.147300,0.038699,
0.170210,0.033963,
0.194222,0.031616,
0.219062,0.031613,
0.245078,0.033801,
0.271801,0.039528,
0.298335,0.048235,
0.324720,0.059214,
0.350563,0.072155,
0.375537,0.086458,
0.399168,0.102514,
0.421185,0.119326,
0.441143,0.136365,
0.459064,0.153681,
0.473836,0.170863,
0.589777,0.180925,
0.598948,0.212741,
0.598457,0.244827,
0.588527,0.277570,
0.570961,0.307285,
0.546863,0.331998,
0.518296,0.351616,
0.485776,0.366159,
0.450280,0.375820,
0.413166,0.380933,
0.374660,0.382273,
0.335318,0.379956,
0.295866,0.374280,
0.256239,0.365779,
0.216712,0.354419,
0.177323,0.340641,
0.138433,0.325685,
0.100363,0.309741,
0.064233,0.291528,
0.029666,0.273682,
-0.002249,0.256806,
-0.027106,0.238464,
-0.046743,0.220248,
-0.061207,0.203242,
-0.066418,0.182302,
-0.062998,0.156094,
-0.055119,0.126124,
-0.044133,0.094704,
-0.029250,0.063166,
-0.009800,0.034337,
0.013238,0.008662,
0.039051,-0.013459,
0.067294,-0.031985,
0.097585,-0.045982,
0.129650,-0.055696,
0.163205,-0.060601,
0.198196,-0.060813,
0.234187,-0.056668,
0.271108,-0.048458,
0.308673,-0.036402,
0.346349,-0.020876,
0.383906,-0.002604,
0.420834,0.018206,
0.456385,0.040677,
0.490058,0.064936,
0.521502,0.091278,
0.548901,0.119353,
0.572299,0.149518,
0.686268,0.167277,
0.696804,0.218035,
0.694539,0.269079,
0.677989,0.320836,
0.652668,0.366741,
0.619529,0.404336,
0.578255,0.432650,
0.532061,0.452676,
0.482983,0.465294,
0.431992,0.471232,
0.380689,0.471339,
0.329566,0.466444,
0.278531,0.456917,
0.228056,0.443195,
0.178192,0.426030,
0.129594,0.405317,
0.082441,0.382151,
0.035508,0.361958,
-0.012077,0.342055,
-0.055129,0.320852,
-0.092326,0.302292,
-0.126760,0.287842,
-0.154294,0.265232,
-0.164622,0.236010,
-0.165486,0.196484,
-0.160904,0.152873,
-0.149388,0.106501,
-0.132171,0.061237,
-0.110104,0.018694,
-0.084008,-0.021178,
-0.054480,-0.057132,
-0.021919,-0.088507,
0.013030,-0.114654,
0.050123,-0.135137,
0.089168,-0.149289,
0.130176,-0.157062,
0.172832,-0.158168,
0.217206,-0.152980,
0.262914,-0.141928,
0.309911,-0.125751,
0.357960,-0.105250,
0.406663,-0.081024,
0.455773,-0.054476,
0.504519,-0.026078,
0.551366,0.004487,
0.593978,0.038171,
0.633172,0.076922,
0.665415,0.119042,
0.750875,0.159013,
0.762558,0.225365,
0.764030,0.294034,
0.744605,0.362650,
0.713180,0.425899,
0.672963,0.479734,
0.621733,0.518931,
0.561419,0.542636,
0.498017,0.555513,
0.434415,0.561158,
0.371655,0.559708,
0.309868,0.551433,
0.249452,0.536961,
0.189585,0.517004,
0.130291,0.492201,
0.071666,0.463663,
0.015276,0.430506,
-0.037192,0.395730,
-0.087781,0.367694,
-0.133679,0.342380,
-0.183722,0.323723,
-0.230168,0.304148,
-0.258533,0.277822,
-0.270360,0.237518,
-0.265952,0.183800,
-0.253437,0.128398,
-0.235856,0.072534,
-0.212322,0.018441,
-0.183939,-0.033550,
-0.151423,-0.082773,
-0.115310,-0.128103,
-0.076788,-0.168296,
-0.035981,-0.202474,
0.006687,-0.229455,
0.051341,-0.248525,
0.097977,-0.258934,
0.146929,-0.260643,
0.197794,-0.254069,
0.250799,-0.240237,
0.305521,-0.219860,
0.361714,-0.194058,
0.419372,-0.164063,
0.478316,-0.131093,
0.539152,-0.097698,
0.597963,-0.061213,
0.652169,-0.019254,
0.698119,0.035158,
0.729060,0.094869,
0.780503,0.152636,
0.793808,0.233495,
0.791915,0.317472,
0.764464,0.398799,
0.728352,0.483692,
0.687050,0.552587,
0.633594,0.605054,
0.566470,0.635233,
0.491811,0.647611,
0.418366,0.651494,
0.346410,0.647215,
0.277209,0.635227,
0.209852,0.615222,
0.144272,0.588100,
0.079010,0.555398,
0.012575,0.518692,
-0.051591,0.477085,
-0.106085,0.424082,
-0.150253,0.376851,
-0.203135,0.341744,
-0.282538,0.314317,
-0.348759,0.287319,
-0.375480,0.256604,
-0.374904,0.211174,
-0.362101,0.151832,
-0.343711,0.090077,
-0.319018,0.028923,
-0.288715,-0.031398,
-0.253193,-0.090680,
-0.213654,-0.147974,
-0.171262,-0.202079,
-0.126696,-0.251437,
-0.080839,-0.294313,
-0.033293,-0.328955,
0.016032,-0.353330,
0.067677,-0.366545,
0.121697,-0.368478,
0.178564,-0.359843,
0.237803,-0.342050,
0.299245,-0.317174,
0.362118,-0.286682,
0.425783,-0.251262,
0.491629,-0.212862,
0.558298,-0.171639,
0.621308,-0.120758,
0.678350,-0.063012,
0.727768,0.005223,
0.760573,0.078913,
0.797075,0.163317,
0.808470,0.250406,
0.802098,0.335773,
0.767147,0.423371,
0.722705,0.530212,
0.675905,0.613363,
0.618046,0.683321,
0.548312,0.725961,
0.467592,0.740554,
0.385799,0.741410,
0.307220,0.734307,
0.231678,0.717607,
0.160316,0.691703,
0.091780,0.657019,
0.023832,0.615096,
-0.042480,0.565433,
-0.099904,0.501677,
-0.149637,0.426414,
-0.212216,0.358224,
-0.295682,0.321247,
-0.409307,0.285374,
-0.477246,0.256233,
-0.489414,0.222830,
-0.479581,0.170439,
-0.458863,0.107806,
-0.433072,0.044541,
-0.400831,-0.019601,
-0.362458,-0.084335,
-0.319029,-0.149407,
-0.271865,-0.214138,
-0.222726,-0.277104,
-0.172594,-0.336449,
-0.121906,-0.389540,
-0.070577,-0.432871,
-0.017158,-0.463419,
0.039095,-0.479390,
0.098546,-0.480836,
0.160741,-0.469185,
0.225877,-0.446347,
0.293995,-0.415364,
0.363955,-0.380275,
0.433463,-0.342068,
0.499549,-0.295756,
0.567367,-0.244081,
0.625070,-0.172937,
0.683933,-0.091702,
0.741762,-0.003161,
0.777908,0.082505,
0.813616,0.190948,
0.821369,0.273458,
0.810749,0.348900,
0.770263,0.438791,
0.730353,0.539078,
0.673981,0.639749,
0.597898,0.738897,
0.515526,0.802974,
0.431034,0.829993,
0.342337,0.830814,
0.255631,0.818676,
0.174474,0.797464,
0.099434,0.764822,
0.030612,0.721403,
-0.032387,0.663082,
-0.082183,0.592095,
-0.127411,0.504410,
-0.180916,0.411379,
-0.251147,0.346936,
-0.414265,0.292029,
-0.534985,0.258877,
-0.596673,0.229756,
-0.601069,0.185935,
-0.583668,0.124765,
-0.557103,0.061139,
-0.523105,-0.003440,
-0.481794,-0.069515,
-0.434117,-0.137799,
-0.381765,-0.207699,
-0.326750,-0.279041,
-0.270510,-0.350812,
-0.215185,-0.420936,
-0.161350,-0.485951,
-0.107238,-0.540239,
-0.049998,-0.577031,
0.012483,-0.595063,
0.078953,-0.595722,
0.147939,-0.580367,
0.218530,-0.551712,
0.291199,-0.512948,
0.368026,-0.470771,
0.443794,-0.427378,
0.508148,-0.376820,
0.567201,-0.307739,
0.623706,-0.202457,
0.697930,-0.091330,
0.760381,0.010364,
0.794831,0.100739,
0.827709,0.202908,
0.835585,0.282726,
0.823902,0.356312,
0.783841,0.436570,
0.739920,0.543894,
0.686431,0.637481,
0.591973,0.760924,
0.474659,0.858230,
0.380892,0.901315,
0.288825,0.912832,
0.195008,0.900476,
0.106293,0.871755,
0.027913,0.829263,
-0.034593,0.769865,
-0.081291,0.688878,
-0.115260,0.587835,
-0.156968,0.482911,
-0.206611,0.399658,
-0.284380,0.339867,
-0.464220,0.283202,
-0.635844,0.247925,
-0.709850,0.211986,
-0.712555,0.153866,
-0.690822,0.084463,
-0.657093,0.017049,
-0.613609,-0.050066,
-0.561599,-0.118997,
-0.503454,-0.190154,
-0.441857,-0.264470,
-0.378692,-0.341876,
-0.316393,-0.421385,
-0.256582,-0.502312,
-0.202852,-0.582120,
-0.150707,-0.647447,
-0.085374,-0.688493,
-0.010253,-0.708608,
0.067436,-0.709634,
0.144299,-0.690563,
0.221214,-0.654266,
0.297446,-0.609156,
0.373192,-0.557127,
0.443346,-0.499377,
0.499318,-0.437447,
0.554031,-0.352847,
0.636739,-0.194790,
0.721919,-0.069428,
0.779466,0.027578,
0.811375,0.117780,
0.843091,0.209349,
0.851553,0.280334,
0.841424,0.354725,
0.811962,0.434151,
0.767554,0.528600,
0.695602,0.636466,
0.598932,0.763140,
0.456830,0.881721,
0.312334,0.951976,
0.221204,0.969902,
0.124992,0.967253,
0.029427,0.940618,
-0.047906,0.889183,
-0.100942,0.802477,
-0.137072,0.698119,
-0.165721,0.577059,
-0.204208,0.467936,
-0.260630,0.382753,
-0.342535,0.327748,
-0.499824,0.279921,
-0.722831,0.240550,
-0.819667,0.201230,
-0.821480,0.132048,
-0.796314,0.051255,
-0.755660,-0.024078,
-0.701703,-0.095853,
-0.637903,-0.167200,
-0.568793,-0.241656,
-0.498069,-0.320234,
-0.428075,-0.402890,
-0.360580,-0.488666,
-0.297412,-0.578472,
-0.246909,-0.671309,
-0.198387,-0.748428,
-0.119999,-0.790589,
-0.021867,-0.813271,
0.068765,-0.820316,
0.154912,-0.795048,
0.239396,-0.747546,
0.321510,-0.693073,
0.384879,-0.630380,
0.453657,-0.547500,
0.497470,-0.478108,
0.549327,-0.373060,
0.638704,-0.199860,
0.734700,-0.063242,
0.793201,0.032354,
0.824935,0.123915,
0.856139,0.194964,
0.867726,0.264747,
0.860163,0.343891,
0.827035,0.433869,
0.778984,0.529023,
0.706102,0.635010,
0.607944,0.761480,
0.454956,0.889483,
0.275942,0.975075,
0.129034,1.001546,
0.032469,0.997464,
-0.058873,0.973787,
-0.133594,0.924259,
-0.170394,0.826721,
-0.199066,0.707438,
-0.235033,0.587530,
-0.279080,0.477636,
-0.340987,0.385227,
-0.431154,0.319137,
-0.559301,0.275546,
-0.771593,0.241284,
-0.905931,0.206806,
-0.919963,0.116018,
-0.894544,0.017220,
-0.848916,-0.068225,
-0.784301,-0.143407,
-0.707518,-0.216673,
-0.627699,-0.294007,
-0.549498,-0.376484,
-0.473951,-0.462681,
-0.402055,-0.554466,
-0.331232,-0.650303,
-0.276925,-0.747658,
-0.227236,-0.828787,
-0.140808,-0.878340,
-0.020321,-0.899515,
0.086374,-0.905028,
0.186340,-0.878680,
0.280748,-0.818587,
0.360776,-0.752389,
0.426374,-0.671584,
0.489023,-0.576691,
0.518093,-0.476273,
0.568529,-0.350378,
0.645655,-0.199795,
0.737659,-0.072956,
0.798506,0.018148,
0.835086,0.115105,
0.867565,0.174837,
0.883670,0.251096,
0.877055,0.331351,
0.843750,0.425841,
0.793901,0.523316,
0.718164,0.631873,
0.615147,0.761437,
0.457898,0.892761,
0.266327,0.984062,
0.080647,1.014491,
-0.048261,1.003458,
-0.143491,0.979317,
-0.205027,0.930442,
-0.237607,0.841146,
-0.268678,0.722000,
-0.307819,0.605339,
-0.360477,0.500778,
-0.429755,0.412480,
-0.518596,0.339765,
-0.630299,0.283793,
-0.785476,0.253394,
-0.945625,0.221482,
-0.985352,0.094863,
-0.973048,-0.022408,
-0.930676,-0.120833,
-0.855987,-0.197130,
-0.765926,-0.270215,
-0.677726,-0.349524,
-0.594609,-0.434688,
-0.516210,-0.523636,
-0.437404,-0.617122,
-0.359261,-0.710955,
-0.295142,-0.799926,
-0.238480,-0.873436,
-0.132832,-0.927663,
0.001848,-0.946603,
0.135241,-0.952992,
0.255400,-0.930218,
0.349047,-0.860351,
0.428799,-0.786925,
0.489881,-0.688586,
0.532114,-0.574251,
0.558892,-0.450163,
0.602155,-0.325991,
0.661286,-0.204464,
0.737986,-0.096533,
0.797297,-0.010807,
0.839734,0.091195,
0.877274,0.156955,
0.898657,0.229357,
0.893422,0.319644,
0.863361,0.409275,
0.807977,0.517880,
0.729339,0.630136,
0.620005,0.763777,
0.459187,0.896777,
0.262843,0.989748,
0.065005,1.021006,
-0.094701,1.005595,
-0.206912,0.978090,
-0.272998,0.935344,
-0.309266,0.851741,
-0.338762,0.736497,
-0.380193,0.623481,
-0.440764,0.525259,
-0.516128,0.444895,
-0.604723,0.378471,
-0.704546,0.318814,
-0.827934,0.274206,
-0.959018,0.241069,
-1.010798,0.073928,
-1.004614,-0.073567,
-0.974247,-0.179604,
-0.905369,-0.257564,
-0.809984,-0.330450,
-0.717850,-0.409536,
-0.633106,-0.496629,
-0.552427,-0.587315,
-0.465357,-0.675969,
-0.377781,-0.757842,
-0.307277,-0.833984,
-0.246667,-0.893063,
-0.130190,-0.942637,
0.042296,-0.966728,
0.216231,-0.974175,
0.340722,-0.946507,
0.435577,-0.888033,
0.507928,-0.800194,
0.552451,-0.686592,
0.586105,-0.561178,
0.623109,-0.445037,
0.662052,-0.330534,
0.705422,-0.217610,
0.759676,-0.118336,
0.809838,-0.021351,
0.843816,0.062900,
0.889219,0.139513,
0.917802,0.211413,
0.913292,0.299054,
0.878319,0.401208,
0.818387,0.516592,
0.732741,0.639613,
0.625027,0.766523,
0.458345,0.901835,
0.260333,0.994807,
0.056981,1.026241,
-0.120007,1.009259,
-0.250841,0.977978,
-0.332001,0.933647,
-0.376364,0.856756,
-0.407197,0.747140,
-0.453273,0.639975,
-0.520631,0.551771,
-0.600556,0.480087,
-0.689047,0.419555,
-0.782145,0.360463,
-0.878808,0.310586,
-0.964848,0.264761,
-1.019602,0.069241,
-1.013341,-0.120736,
-0.986279,-0.243555,
-0.929169,-0.327713,
-0.840117,-0.397379,
-0.750258,-0.474181,
-0.666245,-0.560761,
-0.584510,-0.651834,
-0.496966,-0.731434,
-0.403192,-0.801713,
-0.332905,-0.856864,
-0.261792,-0.903544,
-0.136954,-0.948543,
0.064194,-0.977078,
0.273440,-0.982095,
0.422230,-0.933839,
0.526091,-0.865303,
0.579088,-0.774962,
0.613157,-0.662179,
0.651316,-0.549334,
0.692912,-0.443123,
0.728865,-0.336679,
0.761336,-0.225434,
0.798849,-0.129848,
0.833695,-0.047360,
0.853725,0.045782,
0.910338,0.119558,
0.934896,0.193911,
0.928620,0.285745,
0.889671,0.399959,
0.823715,0.525970,
0.740583,0.642503,
0.623139,0.774789,
0.456232,0.907443,
0.257714,0.999557,
0.051615,1.030957,
-0.136470,1.013440,
-0.281656,0.978991,
-0.373473,0.929360,
-0.427912,0.854244,
-0.470523,0.754709,
-0.526346,0.657988,
-0.598888,0.582269,
-0.680442,0.520553,
-0.767279,0.465206,
-0.851817,0.408007,
-0.922207,0.352983,
-0.972136,0.281281,
-1.025173,0.063093,
-1.018556,-0.152975,
-0.991373,-0.302720,
-0.942354,-0.400734,
-0.863521,-0.469215,
-0.778999,-0.540900,
-0.699322,-0.623250,
-0.621137,-0.710714,
-0.541866,-0.788606,
-0.446974,-0.853869,
-0.358261,-0.885186,
-0.273069,-0.916488,
-0.137772,-0.954280,
0.072839,-0.983897,
0.291306,-0.986016,
0.480726,-0.918183,
0.591183,-0.838455,
0.645624,-0.748451,
0.685203,-0.647800,
0.728678,-0.549065,
0.767456,-0.451131,
0.799818,-0.348194,
0.825981,-0.242760,
0.850813,-0.143217,
0.871674,-0.064467,
0.883800,0.024813,
0.924435,0.104708,
0.950860,0.173415,
0.942976,0.272147,
0.897296,0.402456,
0.823842,0.539694,
0.735321,0.659350,
0.617869,0.785793,
0.453307,0.913304,
0.255199,1.004033,
0.046898,1.035403,
-0.146935,1.018081,
-0.301645,0.981384,
-0.401781,0.927957,
-0.467640,0.852729,
-0.526314,0.765562,
-0.594487,0.684671,
-0.670324,0.622291,
-0.750660,0.569688,
-0.831807,0.516675,
-0.900491,0.457039,
-0.948488,0.383732,
-0.984474,0.274473,
-1.029981,0.051866,
-1.023179,-0.173117,
-0.995297,-0.346163,
-0.950171,-0.464033,
-0.885740,-0.539710,
-0.809122,-0.607418,
-0.735499,-0.681855,
-0.661728,-0.759263,
-0.580584,-0.828636,
-0.479347,-0.882805,
-0.366420,-0.909565,
-0.265656,-0.933123,
-0.127237,-0.961735,
0.083829,-0.990064,
0.299090,-0.989168,
0.514782,-0.910199,
0.644077,-0.823238,
0.715474,-0.741048,
0.763148,-0.647563,
0.805596,-0.557373,
0.841394,-0.463666,
0.870133,-0.364650,
0.897108,-0.263993,
0.917409,-0.168733,
0.911691,-0.083876,
0.901184,0.011949,
0.958592,0.083692,
0.969607,0.147998,
0.955900,0.260224,
0.902503,0.407552,
0.820027,0.557024,
0.724402,0.681571,
0.608447,0.800041,
0.447966,0.920202,
0.252906,1.007990,
0.046122,1.039182,
-0.156468,1.022337,
-0.320497,0.983299,
-0.425966,0.930735,
-0.500590,0.864760,
-0.571147,0.790308,
-0.648692,0.726009,
-0.725986,0.675690,
-0.801955,0.626539,
-0.868794,0.568975,
-0.920307,0.495184,
-0.962427,0.389939,
-1.001147,0.238854,
-1.034582,0.035806,
-1.027766,-0.179379,
-1.000621,-0.363280,
-0.956795,-0.499552,
-0.900185,-0.597095,
-0.834997,-0.669871,
-0.761859,-0.734285,
-0.683927,-0.793951,
-0.595230,-0.848927,
-0.478537,-0.897574,
-0.351358,-0.927187,
-0.232305,-0.951579,
-0.104922,-0.970583,
0.096026,-0.995800,
0.302456,-0.992200,
0.528508,-0.909885,
0.674627,-0.822860,
0.764665,-0.747038,
0.828105,-0.661171,
0.875322,-0.572863,
0.911295,-0.481577,
0.937244,-0.385291,
0.964660,-0.285872,
0.980180,-0.190855,
0.949669,-0.094155,
0.933031,-0.006498,
1.011844,0.049432,
0.989852,0.137586,
0.964225,0.260977,
0.902928,0.420137,
0.812885,0.577083,
0.710568,0.705424,
0.594994,0.817073,
0.439908,0.928351,
0.250048,1.011777,
0.047337,1.042433,
-0.161264,1.026614,
-0.334280,0.986970,
-0.445962,0.940622,
-0.524904,0.890656,
-0.597855,0.830398,
-0.679597,0.782775,
-0.753389,0.735857,
-0.820802,0.681621,
-0.879337,0.609930,
-0.930847,0.508057,
-0.976537,0.370358,
-1.014849,0.203521,
-1.039279,0.017207,
-1.032327,-0.177148,
-1.007732,-0.356069,
-0.965519,-0.504163,
-0.900887,-0.626186,
-0.821787,-0.717642,
-0.742950,-0.780140,
-0.657414,-0.832435,
-0.562438,-0.876063,
-0.450561,-0.912910,
-0.314299,-0.943843,
-0.189688,-0.968731,
-0.070419,-0.980156,
0.105573,-1.001258,
0.302505,-0.995082,
0.518151,-0.918796,
0.661313,-0.843703,
0.758166,-0.778284,
0.842112,-0.687925,
0.902936,-0.599847,
0.949745,-0.503649,
0.983936,-0.411481,
1.007920,-0.313515,
1.015646,-0.205941,
0.994170,-0.109084,
1.004223,-0.027230,
1.030867,0.033111,
1.001042,0.152461,
0.964675,0.281067,
0.898308,0.440098,
0.804214,0.597226,
0.694470,0.729843,
0.575940,0.837715,
0.429219,0.937426,
0.246975,1.015264,
0.049272,1.045193,
-0.154743,1.031670,
-0.330054,0.996244,
-0.446121,0.960573,
-0.532848,0.925609,
-0.606147,0.882812,
-0.682106,0.844837,
-0.751235,0.789411,
-0.821461,0.721318,
-0.888656,0.620954,
-0.946819,0.489342,
-0.989555,0.343189,
-1.027060,0.167147,
-1.043865,-0.006938,
-1.036184,-0.178462,
-1.013312,-0.347992,
-0.972086,-0.499063,
-0.905362,-0.628937,
-0.813039,-0.735881,
-0.710101,-0.812191,
-0.607784,-0.866061,
-0.499453,-0.906744,
-0.384710,-0.936310,
-0.257113,-0.962642,
-0.117385,-0.992803,
-0.014447,-0.995695,
0.126068,-1.006317,
0.298625,-0.998427,
0.481110,-0.938065,
0.601790,-0.885127,
0.727935,-0.809952,
0.792481,-0.760584,
0.877983,-0.658988,
0.938004,-0.564616,
0.981596,-0.473961,
1.013556,-0.369342,
1.030491,-0.233344,
1.035488,-0.149596,
1.038607,-0.065656,
1.040584,0.021083,
1.007724,0.158207,
0.961387,0.305437,
0.889198,0.466539,
0.792539,0.619746,
0.678492,0.751984,
0.554576,0.859043,
0.414603,0.948274,
0.243556,1.018530,
0.055729,1.047393,
-0.126784,1.039028,
-0.282108,1.014258,
-0.404905,0.987488,
-0.504543,0.959326,
-0.587851,0.928429,
-0.666606,0.887679,
-0.749220,0.816221,
-0.831393,0.728766,
-0.905434,0.604834,
-0.969834,0.446318,
-1.006676,0.299407,
-1.038805,0.121485,
-1.048911,-0.043519,
-1.038454,-0.203994,
-1.016498,-0.353802,
-0.976908,-0.497521,
-0.909748,-0.629473,
-0.813213,-0.741983,
-0.698277,-0.827203,
-0.577343,-0.888174,
-0.456824,-0.929715,
-0.341484,-0.957582,
-0.230029,-0.980674,
-0.110620,-1.004486,
0.016887,-1.011058,
0.144705,-1.015390,
0.285457,-1.006907,
0.416980,-0.970578,
0.537094,-0.926970,
0.647383,-0.871592,
0.753369,-0.807503,
0.839022,-0.723984,
0.907573,-0.634132,
0.964540,-0.537445,
1.007270,-0.430246,
1.029893,-0.324480,
1.042787,-0.216308,
1.048356,-0.107315,
1.047950,0.018006,
1.011387,0.173261,
0.955618,0.335913,
0.877939,0.497166,
0.778075,0.646569,
0.660378,0.776547,
0.530334,0.883108,
0.392932,0.964231,
0.239997,1.023142,
0.075592,1.050629,
-0.075481,1.050869,
-0.208877,1.037202,
-0.332754,1.015959,
-0.452238,0.988612,
-0.569986,0.948645,
-0.673154,0.896185,
-0.754816,0.827522,
-0.847949,0.720167,
-0.927517,0.574299,
-0.988615,0.409239,
-1.027594,0.237297,
-1.052223,0.072021,
-1.056502,-0.087710,
-1.045330,-0.228664,
-1.024049,-0.363270,
-0.985339,-0.497924,
-0.920616,-0.626843,
-0.827532,-0.740283,
-0.715032,-0.830313,
-0.595520,-0.896393,
-0.474910,-0.944181,
-0.357639,-0.978561,
-0.241117,-1.004501,
-0.119807,-1.024985,
0.006251,-1.034543,
0.134499,-1.036237,
0.263887,-1.027795,
0.390824,-1.000246,
0.509817,-0.960364,
0.622797,-0.908127,
0.729878,-0.845024,
0.824804,-0.765592,
0.901189,-0.674496,
0.962438,-0.576655,
1.008512,-0.472051,
1.037359,-0.363992,
1.052049,-0.254823,
1.058308,-0.131541,
1.050212,0.065695,
1.007527,0.223387,
0.945724,0.383181,
0.862729,0.539660,
0.762661,0.679014,
0.650433,0.797196,
0.529851,0.894388,
0.397843,0.972185,
0.257761,1.027480,
0.112451,1.057907,
-0.031766,1.066865,
-0.169889,1.060023,
-0.304145,1.040697,
-0.435845,1.010633,
-0.564253,0.967375,
-0.679895,0.909062,
-0.776799,0.823317,
-0.873830,0.697221,
-0.949009,0.550373,
-1.004161,0.394964,
-1.041363,0.237537,
-1.064825,0.082647,
-1.072663,-0.066722,
-1.065935,-0.208366,
-1.044772,-0.346732,
-1.006331,-0.482490,
-0.945521,-0.611039,
-0.859693,-0.726269,
-0.754159,-0.822108,
-0.636580,-0.897245,
-0.514132,-0.954278,
-0.390468,-0.996662,
-0.264904,-1.027652,
-0.137801,-1.048999,
-0.008518,-1.059985,
0.121344,-1.061179,
0.251312,-1.051111,
0.379501,-1.025932,
0.503880,-0.985813,
0.622226,-0.932346,
0.733562,-0.865144,
0.833839,-0.781526,
0.918006,-0.683398,
0.984475,-0.575096,
1.032420,-0.459632,
1.061366,-0.339547,
1.073438,-0.216641,
1.070767,-0.083521,
1.045477,0.142061,
0.999133,0.285846,
0.936885,0.428547,
0.858820,0.565827,
0.766977,0.690933,
0.663313,0.800985,
0.548848,0.894867,
0.422571,0.971968,
0.286447,1.029634,
0.144093,1.065003,
-0.000266,1.079749,
-0.144717,1.077198,
-0.287189,1.059363,
-0.426405,1.028002,
-0.561627,0.981455,
-0.690319,0.912278,
-0.801592,0.810632,
-0.889898,0.689027,
-0.959329,0.555044,
-1.011956,0.414088,
-1.049703,0.269859,
-1.074748,0.125553,
-1.086444,-0.019071,
-1.083977,-0.164919,
-1.065694,-0.309234,
-1.030161,-0.449201,
-0.973900,-0.581647,
-0.895092,-0.700990,
-0.796079,-0.802869,
-0.682301,-0.885679,
-0.558738,-0.951160,
-0.429242,-1.001419,
-0.296272,-1.038319,
-0.161370,-1.063078,
-0.025713,-1.076378,
0.110090,-1.077830,
0.246030,-1.066564,
0.380338,-1.040304,
0.510420,-0.998389,
0.634625,-0.941112,
0.750675,-0.867850,
0.854278,-0.777138,
0.941444,-0.670470,
1.009742,-0.550523,
1.056847,-0.420402,
1.082450,-0.283682,
1.088031,-0.143513,
1.075432,-0.001240,
1.039348,0.191295,
0.990945,0.327011,
0.930416,0.456374,
0.857832,0.578852,
0.772168,0.694386,
0.672593,0.800678,
0.559595,0.894500,
0.434859,0.971972,
0.300400,1.030761,
0.158530,1.068349,
0.012373,1.085905,
-0.135059,1.084854,
-0.281864,1.067766,
-0.426422,1.035187,
-0.565791,0.985797,
-0.693685,0.914474,
-0.801396,0.817816,
-0.888571,0.701788,
-0.957575,0.574709,
-1.010942,0.440325,
-1.050829,0.300944,
-1.078181,0.157677,
-1.092519,0.012357,
-1.093081,-0.133241,
-1.078063,-0.277796,
-1.046096,-0.419417,
-0.994295,-0.554357,
-0.920440,-0.677598,
-0.825710,-0.784486,
-0.714003,-0.873058,
-0.590524,-0.944055,
-0.459234,-0.999220,
-0.322633,-1.040327,
-0.182611,-1.068254,
-0.040418,-1.083734,
0.102674,-1.085905,
0.244871,-1.074015,
0.384665,-1.046183,
0.520394,-1.001959,
0.649077,-0.940610,
0.768195,-0.862331,
0.873334,-0.765347,
0.961160,-0.651762,
1.028142,-0.523954,
1.072096,-0.385653,
1.093081,-0.241440,
1.093081,-0.095183,
1.074091,0.049978,
0,0,48,49,
0,0,49,50,
0,0,50,51,
0,0,51,52,
0,0,52,53,
0,0,53,54,
0,0,54,55,
0,0,55,56,
0,0,56,57,
0,0,57,58,
0,0,58,59,
0,0,59,60,
0,0,60,61,
0,0,61,62,
0,0,62,63,
0,0,63,64,
0,0,64,65,
0,0,65,66,
0,0,66,67,
0,0,67,68,
0,0,68,69,
0,0,69,70,
0,0,70,71,
0,0,71,72,
0,0,72,73,
0,0,73,74,
0,0,74,75,
0,0,75,76,
0,0,76,77,
0,0,77,78,
0,0,78,79,
0,0,79,80,
0,0,80,81,
0,0,81,82,
0,0,82,83,
0,0,83,84,
0,0,84,85,
0,0,85,86,
0,0,86,87,
0,0,87,88,
0,0,88,89,
0,0,89,90,
0,0,90,91,
0,0,91,92,
0,0,92,93,
0,0,93,94,
0,0,94,95,
0,0,95,48,
49,48,96,97,
50,49,97,98,
51,50,98,99,
52,51,99,100,
53,52,100,101,
54,53,101,102,
55,54,102,103,
56,55,103,104,
57,56,104,105,
58,57,105,106,
59,58,106,107,
60,59,107,108,
61,60,108,109,
62,61,109,110,
63,62,110,111,
64,63,111,112,
65,64,112,113,
66,65,113,114,
67,66,114,115,
68,67,115,116,
69,68,116,117,
70,69,117,118,
71,70,118,119,
72,71,119,120,
73,72,120,121,
74,73,121,122,
75,74,122,123,
76,75,123,124,
77,76,124,125,
78,77,125,126,
79,78,126,127,
80,79,127,128,
81,80,128,129,
82,81,129,130,
83,82,130,131,
84,83,131,132,
85,84,132,133,
86,85,133,134,
87,86,134,135,
88,87,135,136,
89,88,136,137,
90,89,137,138,
91,90,138,139,
92,91,139,140,
93,92,140,141,
94,93,141,142,
95,94,142,143,
48,95,143,96,
97,96,144,145,
98,97,145,146,
99,98,146,147,
100,99,147,148,
101,100,148,149,
102,101,149,150,
103,102,150,151,
104,103,151,152,
105,104,152,153,
106,105,153,154,
107,106,154,155,
108,107,155,156,
109,108,156,157,
110,109,157,158,
111,110,158,159,
112,111,159,160,
113,112,160,161,
114,113,161,162,
115,114,162,163,
116,115,163,164,
117,116,164,165,
118,117,165,166,
119,118,166,167,
120,119,167,168,
121,120,168,169,
122,121,169,170,
123,122,170,171,
124,123,171,172,
125,124,172,173,
126,125,173,174,
127,126,174,175,
128,127,175,176,
129,128,176,177,
130,129,177,178,
131,130,178,179,
132,131,179,180,
133,132,180,181,
134,133,181,182,
135,134,182,183,
136,135,183,184,
137,136,184,185,
138,137,185,186,
139,138,186,187,
140,139,187,188,
141,140,188,189,
142,141,189,190,
143,142,190,191,
96,143,191,144,
145,144,192,193,
146,145,193,194,
147,146,194,195,
148,147,195,196,
149,148,196,197,
150,149,197,198,
151,150,198,199,
152,151,199,200,
153,152,200,201,
154,153,201,202,
155,154,202,203,
156,155,203,204,
157,156,204,205,
158,157,205,206,
159,158,206,207,
160,159,207,208,
161,160,208,209,
162,161,209,210,
163,162,210,211,
164,163,211,212,
165,164,212,213,
166,165,213,214,
167,166,214,215,
168,167,215,216,
169,168,216,217,
170,169,217,218,
171,170,218,219,
172,171,219,220,
173,172,220,221,
174,173,221,222,
175,174,222,223,
176,175,223,224,
177,176,224,225,
178,177,225,226,
179,178,226,227,
180,179,227,228,
181,180,228,229,
182,181,229,230,
183,182,230,231,
184,183,231,232,
185,184,232,233,
186,185,233,234,
187,186,234,235,
188,187,235,236,
189,188,236,237,
190,189,237,238,
191,190,238,239,
144,191,239,192,
193,192,240,241,
194,193,241,242,
195,194,242,243,
196,195,243,244,
197,196,244,245,
198,197,245,246,
199,198,246,247,
200,199,247,248,
201,200,248,249,
202,201,249,250,
203,202,250,251,
204,203,251,252,
205,204,252,253,
206,205,253,254,
207,206,254,255,
208,207,255,256,
209,208,256,257,
210,209,257,258,
211,210,258,259,
212,211,259,260,
213,212,260,261,
214,213,261,262,
215,214,262,263,
216,215,263,264,
217,216,264,265,
218,217,265,266,
219,218,266,267,
220,219,267,268,
221,220,268,269,
222,221,269,270,
223,222,270,271,
224,223,271,272,
225,224,272,273,
226,225,273,274,
227,226,274,275,
228,227,275,276,
229,228,276,277,
230,229,277,278,
231,230,278,279,
232,231,279,280,
233,232,280,281,
234,233,281,282,
235,234,282,283,
236,235,283,284,
237,236,284,285,
238,237,285,286,
239,238,286,287,
192,239,287,240,
241,240,288,289,
242,241,289,290,
243,242,290,291,
244,243,291,292,
245,244,292,293,
246,245,293,294,
247,246,294,295,
248,247,295,296,
249,248,296,297,
250,249,297,298,
251,250,298,299,
252,251,299,300,
253,252,300,301,
254,253,301,302,
255,254,302,303,
256,255,303,304,
257,256,304,305,
258,257,305,306,
259,258,306,307,
260,259,307,308,
261,260,308,309,
262,261,309,310,
263,262,310,311,
264,263,311,312,
265,264,312,313,
266,265,313,314,
267,266,314,315,
268,267,315,316,
269,268,316,317,
270,269,317,318,
271,270,318,319,
272,271,319,320,
273,272,320,321,
274,273,321,322,
275,274,322,323,
276,275,323,324,
277,276,324,325,
278,277,325,326,
279,278,326,327,
280,279,327,328,
281,280,328,329,
282,281,329,330,
283,282,330,331,
284,283,331,332,
285,284,332,333,
286,285,333,334,
287,286,334,335,
240,287,335,288,
289,288,336,337,
290,289,337,338,
291,290,338,339,
292,291,339,340,
293,292,340,341,
294,293,341,342,
295,294,342,343,
296,295,343,344,
297,296,344,345,
298,297,345,346,
299,298,346,347,
300,299,347,348,
301,300,348,349,
302,301,349,350,
303,302,350,351,
304,303,351,352,
305,304,352,353,
306,305,353,354,
307,306,354,355,
308,307,355,356,
309,308,356,357,
310,309,357,358,
311,310,358,359,
312,311,359,360,
313,312,360,361,
314,313,361,362,
315,314,362,363,
316,315,363,364,
317,316,364,365,
318,317,365,366,
319,318,366,367,
320,319,367,368,
321,320,368,369,
322,321,369,370,
323,322,370,371,
324,323,371,372,
325,324,372,373,
326,325,373,374,
327,326,374,375,
328,327,375,376,
329,328,376,377,
330,329,377,378,
331,330,378,379,
332,331,379,380,
333,332,380,381,
334,333,381,382,
335,334,382,383,
288,335,383,336,
337,336,384,385,
338,337,385,386,
339,338,386,387,
340,339,387,388,
341,340,388,389,
342,341,389,390,
343,342,390,391,
344,343,391,392,
345,344,392,393,
346,345,393,394,
347,346,394,395,
348,347,395,396,
349,348,396,397,
350,349,397,398,
351,350,398,399,
352,351,399,400,
353,352,400,401,
354,353,401,402,
355,354,402,403,
356,355,403,404,
357,356,404,405,
358,357,405,406,
359,358,406,407,
360,359,407,408,
361,360,408,409,
362,361,409,410,
363,362,410,411,
364,363,411,412,
365,364,412,413,
366,365,413,414,
367,366,414,415,
368,367,415,416,
369,368,416,417,
370,369,417,418,
371,370,418,419,
372,371,419,420,
373,372,420,421,
374,373,421,422,
375,374,422,423,
376,375,423,424,
377,376,424,425,
378,377,425,426,
379,378,426,427,
380,379,427,428,
381,380,428,429,
382,381,429,430,
383,382,430,431,
336,383,431,384,
385,384,432,433,
386,385,433,434,
387,386,434,435,
388,387,435,436,
389,388,436,437,
390,389,437,438,
391,390,438,439,
392,391,439,440,
393,392,440,441,
394,393,441,442,
395,394,442,443,
396,395,443,444,
397,396,444,445,
398,397,445,446,
399,398,446,447,
400,399,447,448,
401,400,448,449,
402,401,449,450,
403,402,450,451,
404,403,451,452,
405,404,452,453,
406,405,453,454,
407,406,454,455,
408,407,455,456,
409,408,456,457,
410,409,457,458,
411,410,458,459,
412,411,459,460,
413,412,460,461,
414,413,461,462,
415,414,462,463,
416,415,463,464,
417,416,464,465,
418,417,465,466,
419,418,466,467,
420,419,467,468,
421,420,468,469,
422,421,469,470,
423,422,470,471,
424,423,471,472,
425,424,472,473,
426,425,473,474,
427,426,474,475,
428,427,475,476,
429,428,476,477,
430,429,477,478,
431,430,478,479,
384,431,479,432,
433,432,480,481,
434,433,481,482,
435,434,482,483,
436,435,483,484,
437,436,484,485,
438,437,485,486,
439,438,486,487,
440,439,487,488,
441,440,488,489,
442,441,489,490,
443,442,490,491,
444,443,491,492,
445,444,492,493,
446,445,493,494,
447,446,494,495,
448,447,495,496,
449,448,496,497,
450,449,497,498,
451,450,498,499,
452,451,499,500,
453,452,500,501,
454,453,501,502,
455,454,502,503,
456,455,503,504,
457,456,504,505,
458,457,505,506,
459,458,506,507,
460,459,507,508,
461,460,508,509,
462,461,509,510,
463,462,510,511,
464,463,511,512,
465,464,512,513,
466,465,513,514,
467,466,514,515,
468,467,515,516,
469,468,516,517,
470,469,517,518,
471,470,518,519,
472,471,519,520,
473,472,520,521,
474,473,521,522,
475,474,522,523,
476,475,523,524,
477,476,524,525,
478,477,525,526,
479,478,526,527,
432,479,527,480,
481,480,528,529,
482,481,529,530,
483,482,530,531,
484,483,531,532,
485,484,532,533,
486,485,533,534,
487,486,534,535,
488,487,535,536,
489,488,536,537,
490,489,537,538,
491,490,538,539,
492,491,539,540,
493,492,540,541,
494,493,541,542,
495,494,542,543,
496,495,543,544,
497,496,544,545,
498,497,545,546,
499,498,546,547,
500,499,547,548,
501,500,548,549,
502,501,549,550,
503,502,550,551,
504,503,551,552,
505,504,552,553,
506,505,553,554,
507,506,554,555,
508,507,555,556,
509,508,556,557,
510,509,557,558,
511,510,558,559,
512,511,559,560,
513,512,560,561,
514,513,561,562,
515,514,562,563,
516,515,563,564,
517,516,564,565,
518,517,565,566,
519,518,566,567,
520,519,567,568,
521,520,568,569,
522,521,569,570,
523,522,570,571,
524,523,571,572,
525,524,572,573,
526,525,573,574,
527,526,574,575,
480,527,575,528,
529,528,576,577,
530,529,577,578,
531,530,578,579,
532,531,579,580,
533,532,580,581,
534,533,581,582,
535,534,582,583,
536,535,583,584,
537,536,584,585,
538,537,585,586,
539,538,586,587,
540,539,587,588,
541,540,588,589,
542,541,589,590,
543,542,590,591,
544,543,591,592,
545,544,592,593,
546,545,593,594,
547,546,594,595,
548,547,595,596,
549,548,596,597,
550,549,597,598,
551,550,598,599,
552,551,599,600,
553,552,600,601,
554,553,601,602,
555,554,602,603,
556,555,603,604,
557,556,604,605,
558,557,605,606,
559,558,606,607,
560,559,607,608,
561,560,608,609,
562,561,609,610,
563,562,610,611,
564,563,611,612,
565,564,612,613,
566,565,613,614,
567,566,614,615,
568,567,615,616,
569,568,616,617,
570,569,617,618,
571,570,618,619,
572,571,619,620,
573,572,620,621,
574,573,621,622,
575,574,622,623,
528,575,623,576,
577,576,624,625,
578,577,625,626,
579,578,626,627,
580,579,627,628,
581,580,628,629,
582,581,629,630,
583,582,630,631,
584,583,631,632,
585,584,632,633,
586,585,633,634,
587,586,634,635,
588,587,635,636,
589,588,636,637,
590,589,637,638,
591,590,638,639,
592,591,639,640,
593,592,640,641,
594,593,641,642,
595,594,642,643,
596,595,643,644,
597,596,644,645,
598,597,645,646,
599,598,646,647,
600,599,647,648,
601,600,648,649,
602,601,649,650,
603,602,650,651,
604,603,651,652,
605,604,652,653,
606,605,653,654,
607,606,654,655,
608,607,655,656,
609,608,656,657,
610,609,657,658,
611,610,658,659,
612,611,659,660,
613,612,660,661,
614,613,661,662,
615,614,662,663,
616,615,663,664,
617,616,664,665,
618,617,665,666,
619,618,666,667,
620,619,667,668,
621,620,668,669,
622,621,669,670,
623,622,670,671,
576,623,671,624,
625,624,672,673,
626,625,673,674,
627,626,674,675,
628,627,675,676,
629,628,676,677,
630,629,677,678,
631,630,678,679,
632,631,679,680,
633,632,680,681,
634,633,681,682,
635,634,682,683,
636,635,683,684,
637,636,684,685,
638,637,685,686,
639,638,686,687,
640,639,687,688,
641,640,688,689,
642,641,689,690,
643,642,690,691,
644,643,691,692,
645,644,692,693,
646,645,693,694,
647,646,694,695,
648,647,695,696,
649,648,696,697,
650,649,697,698,
651,650,698,699,
652,651,699,700,
653,652,700,701,
654,653,701,702,
655,654,702,703,
656,655,703,704,
657,656,704,705,
658,657,705,706,
659,658,706,707,
660,659,707,708,
661,660,708,709,
662,661,709,710,
663,662,710,711,
664,663,711,712,
665,664,712,713,
666,665,713,714,
667,666,714,715,
668,667,715,716,
669,668,716,717,
670,669,717,718,
671,670,718,719,
624,671,719,672,
673,672,720,721,
674,673,721,722,
675,674,722,723,
676,675,723,724,
677,676,724,725,
678,677,725,726,
679,678,726,727,
680,679,727,728,
681,680,728,729,
682,681,729,730,
683,682,730,731,
684,683,731,732,
685,684,732,733,
686,685,733,734,
687,686,734,735,
688,687,735,736,
689,688,736,737,
690,689,737,738,
691,690,738,739,
692,691,739,740,
693,692,740,741,
694,693,741,742,
695,694,742,743,
696,695,743,744,
697,696,744,745,
698,697,745,746,
699,698,746,747,
700,699,747,748,
701,700,748,749,
702,701,749,750,
703,702,750,751,
704,703,751,752,
705,704,752,753,
706,705,753,754,
707,706,754,755,
708,707,755,756,
709,708,756,757,
710,709,757,758,
711,710,758,759,
712,711,759,760,
713,712,760,761,
714,713,761,762,
715,714,762,763,
716,715,763,764,
717,716,764,765,
718,717,765,766,
719,718,766,767,
672,719,767,720,
721,720,768,769,
722,721,769,770,
723,722,770,771,
724,723,771,772,
725,724,772,773,
726,725,773,774,
727,726,774,775,
728,727,775,776,
729,728,776,777,
730,729,777,778,
731,730,778,779,
732,731,779,780,
733,732,780,781,
734,733,781,782,
735,734,782,783,
736,735,783,784,
737,736,784,785,
738,737,785,786,
739,738,786,787,
740,739,787,788,
741,740,788,789,
742,741,789,790,
743,742,790,791,
744,743,791,792,
745,744,792,793,
746,745,793,794,
747,746,794,795,
748,747,795,796,
749,748,796,797,
750,749,797,798,
751,750,798,799,
752,751,799,800,
753,752,800,801,
754,753,801,802,
755,754,802,803,
756,755,803,804,
757,756,804,805,
758,757,805,806,
759,758,806,807,
760,759,807,808,
761,760,808,809,
762,761,809,810,
763,762,810,811,
764,763,811,812,
765,764,812,813,
766,765,813,814,
767,766,814,815,
720,767,815,768,
769,768,816,817,
770,769,817,818,
771,770,818,819,
772,771,819,820,
773,772,820,821,
774,773,821,822,
775,774,822,823,
776,775,823,824,
777,776,824,825,
778,777,825,826,
779,778,826,827,
780,779,827,828,
781,780,828,829,
782,781,829,830,
783,782,830,831,
784,783,831,832,
785,784,832,833,
786,785,833,834,
787,786,834,835,
788,787,835,836,
789,788,836,837,
790,789,837,838,
791,790,838,839,
792,791,839,840,
793,792,840,841,
794,793,841,842,
795,794,842,843,
796,795,843,844,
797,796,844,845,
798,797,845,846,
799,798,846,847,
800,799,847,848,
801,800,848,849,
802,801,849,850,
803,802,850,851,
804,803,851,852,
805,804,852,853,
806,805,853,854,
807,806,854,855,
808,807,855,856,
809,808,856,857,
810,809,857,858,
811,810,858,859,
812,811,859,860,
813,812,860,861,
814,813,861,862,
815,814,862,863,
768,815,863,816,
817,816,864,865,
818,817,865,866,
819,818,866,867,
820,819,867,868,
821,820,868,869,
822,821,869,870,
823,822,870,871,
824,823,871,872,
825,824,872,873,
826,825,873,874,
827,826,874,875,
828,827,875,876,
829,828,876,877,
830,829,877,878,
831,830,878,879,
832,831,879,880,
833,832,880,881,
834,833,881,882,
835,834,882,883,
836,835,883,884,
837,836,884,885,
838,837,885,886,
839,838,886,887,
840,839,887,888,
841,840,888,889,
842,841,889,890,
843,842,890,891,
844,843,891,892,
845,844,892,893,
846,845,893,894,
847,846,894,895,
848,847,895,896,
849,848,896,897,
850,849,897,898,
851,850,898,899,
852,851,899,900,
853,852,900,901,
854,853,901,902,
855,854,902,903,
856,855,903,904,
857,856,904,905,
858,857,905,906,
859,858,906,907,
860,859,907,908,
861,860,908,909,
862,861,909,910,
863,862,910,911,
816,863,911,864,
865,864,912,913,
866,865,913,914,
867,866,914,915,
868,867,915,916,
869,868,916,917,
870,869,917,918,
871,870,918,919,
872,871,919,920,
873,872,920,921,
874,873,921,922,
875,874,922,923,
876,875,923,924,
877,876,924,925,
878,877,925,926,
879,878,926,927,
880,879,927,928,
881,880,928,929,
882,881,929,930,
883,882,930,931,
884,883,931,932,
885,884,932,933,
886,885,933,934,
887,886,934,935,
888,887,935,936,
889,888,936,937,
890,889,937,938,
891,890,938,939,
892,891,939,940,
893,892,940,941,
894,893,941,942,
895,894,942,943,
896,895,943,944,
897,896,944,945,
898,897,945,946,
899,898,946,947,
900,899,947,948,
901,900,948,949,
902,901,949,950,
903,902,950,951,
904,903,951,952,
905,904,952,953,
906,905,953,954,
907,906,954,955,
908,907,955,956,
909,908,956,957,
910,909,957,958,
911,910,958,959,
864,911,959,912,
913,912,960,961,
914,913,961,962,
915,914,962,963,
916,915,963,964,
917,916,964,965,
918,917,965,966,
919,918,966,967,
920,919,967,968,
921,920,968,969,
922,921,969,970,
923,922,970,971,
924,923,971,972,
925,924,972,973,
926,925,973,974,
927,926,974,975,
928,927,975,976,
929,928,976,977,
930,929,977,978,
931,930,978,979,
932,931,979,980,
933,932,980,981,
934,933,981,982,
935,934,982,983,
936,935,983,984,
937,936,984,985,
938,937,985,986,
939,938,986,987,
940,939,987,988,
941,940,988,989,
942,941,989,990,
943,942,990,991,
944,943,991,992,
945,944,992,993,
946,945,993,994,
947,946,994,995,
948,947,995,996,
949,948,996,997,
950,949,997,998,
951,950,998,999,
952,951,999,1000,
953,952,1000,1001,
954,953,1001,1002,
955,954,1002,1003,
956,955,1003,1004,
957,956,1004,1005,
958,957,1005,1006,
959,958,1006,1007,
912,959,1007,960,
961,960,1008,1009,
962,961,1009,1010,
963,962,1010,1011,
964,963,1011,1012,
965,964,1012,1013,
966,965,1013,1014,
967,966,1014,1015,
968,967,1015,1016,
969,968,1016,1017,
970,969,1017,1018,
971,970,1018,1019,
972,971,1019,1020,
973,972,1020,1021,
974,973,1021,1022,
975,974,1022,1023,
976,975,1023,1024,
977,976,1024,1025,
978,977,1025,1026,
979,978,1026,1027,
980,979,1027,1028,
981,980,1028,1029,
982,981,1029,1030,
983,982,1030,1031,
984,983,1031,1032,
985,984,1032,1033,
986,985,1033,1034,
987,986,1034,1035,
988,987,1035,1036,
989,988,1036,1037,
990,989,1037,1038,
991,990,1038,1039,
992,991,1039,1040,
993,992,1040,1041,
994,993,1041,1042,
995,994,1042,1043,
996,995,1043,1044,
997,996,1044,1045,
998,997,1045,1046,
999,998,1046,1047,
1000,999,1047,1048,
1001,1000,1048,1049,
1002,1001,1049,1050,
1003,1002,1050,1051,
1004,1003,1051,1052,
1005,1004,1052,1053,
1006,1005,1053,1054,
1007,1006,1054,1055,
960,1007,1055,1008,
1009,1008,1056,1057,
1010,1009,1057,1058,
1011,1010,1058,1059,
1012,1011,1059,1060,
1013,1012,1060,1061,
1014,1013,1061,1062,
1015,1014,1062,1063,
1016,1015,1063,1064,
1017,1016,1064,1065,
1018,1017,1065,1066,
1019,1018,1066,1067,
1020,1019,1067,1068,
1021,1020,1068,1069,
1022,1021,1069,1070,
1023,1022,1070,1071,
1024,1023,1071,1072,
1025,1024,1072,1073,
1026,1025,1073,1074,
1027,1026,1074,1075,
1028,1027,1075,1076,
1029,1028,1076,1077,
1030,1029,1077,1078,
1031,1030,1078,1079,
1032,1031,1079,1080,
1033,1032,1080,1081,
1034,1033,1081,1082,
1035,1034,1082,1083,
1036,1035,1083,1084,
1037,1036,1084,1085,
1038,1037,1085,1086,
1039,1038,1086,1087,
1040,1039,1087,1088,
1041,1040,1088,1089,
1042,1041,1089,1090,
1043,1042,1090,1091,
1044,1043,1091,1092,
1045,1044,1092,1093,
1046,1045,1093,1094,
1047,1046,1094,1095,
1048,1047,1095,1096,
1049,1048,1096,1097,
1050,1049,1097,1098,
1051,1050,1098,1099,
1052,1051,1099,1100,
1053,1052,1100,1101,
1054,1053,1101,1102,
1055,1054,1102,1103,
1008,1055,1103,1056,
1057,1056,1104,1105,
1058,1057,1105,1106,
1059,1058,1106,1107,
1060,1059,1107,1108,
1061,1060,1108,1109,
1062,1061,1109,1110,
1063,1062,1110,1111,
1064,1063,1111,1112,
1065,1064,1112,1113,
1066,1065,1113,1114,
1067,1066,1114,1115,
1068,1067,1115,1116,
1069,1068,1116,1117,
1070,1069,1117,1118,
1071,1070,1118,1119,
1072,1071,1119,1120,
1073,1072,1120,1121,
1074,1073,1121,1122,
1075,1074,1122,1123,
1076,1075,1123,1124,
1077,1076,1124,1125,
1078,1077,1125,1126,
1079,1078,1126,1127,
1080,1079,1127,1128,
1081,1080,1128,1129,
1082,1081,1129,1130,
1083,1082,1130,1131,
1084,1083,1131,1132,
1085,1084,1132,1133,
1086,1085,1133,1134,
1087,1086,1134,1135,
1088,1087,1135,1136,
1089,1088,1136,1137,
1090,1089,1137,1138,
1091,1090,1138,1139,
1092,1091,1139,1140,
1093,1092,1140,1141,
1094,1093,1141,1142,
1095,1094,1142,1143,
1096,1095,1143,1144,
1097,1096,1144,1145,
1098,1097,1145,1146,
1099,1098,1146,1147,
1100,1099,1147,1148,
1101,1100,1148,1149,
1102,1101,1149,1150,
1103,1102,1150,1151,
1056,1103,1151,1104,
1105,1104,1152,1153,
1106,1105,1153,1154,
1107,1106,1154,1155,
1108,1107,1155,1156,
1109,1108,1156,1157,
1110,1109,1157,1158,
1111,1110,1158,1159,
1112,1111,1159,1160,
1113,1112,1160,1161,
1114,1113,1161,1162,
1115,1114,1162,1163,
1116,1115,1163,1164,
1117,1116,1164,1165,
1118,1117,1165,1166,
1119,1118,1166,1167,
1120,1119,1167,1168,
1121,1120,1168,1169,
1122,1121,1169,1170,
1123,1122,1170,1171,
1124,1123,1171,1172,
1125,1124,1172,1173,
1126,1125,1173,1174,
1127,1126,1174,1175,
1128,1127,1175,1176,
1129,1128,1176,1177,
1130,1129,1177,1178,
1131,1130,1178,1179,
1132,1131,1179,1180,
1133,1132,1180,1181,
1134,1133,1181,1182,
1135,1134,1182,1183,
1136,1135,1183,1184,
1137,1136,1184,1185,
1138,1137,1185,1186,
1139,1138,1186,1187,
1140,1139,1187,1188,
1141,1140,1188,1189,
1142,1141,1189,1190,
1143,1142,1190,1191,
1144,1143,1191,1192,
1145,1144,1192,1193,
1146,1145,1193,1194,
1147,1146,1194,1195,
1148,1147,1195,1196,
1149,1148,1196,1197,
1150,1149,1197,1198,
1151,1150,1198,1199,
1104,1151,1199,1152,
1152,1153,1154,1155,1156,1157,1158,1159,1160,1161,1162,1163,1164,1165,1166,1167,1168,1169,1170,1171,1172,1173,1174,1175,1176,1177,1178,1179,1180,1181,1182,1183,1184,1185,1186,1187,1188,1189,1190,1191,1192,1193,1194,1195,1196,1197,1198,1199,
