1282,18,36,3.872626,3.652738,
0.431323,0.609314,
-1.306286,0.765352,
-1.226696,-1.377746,
-1.449840,-1.014516,
0.392519,0.603785,
1.415143,0.788619,
-0.816790,-1.046836,
-1.082489,0.276195,
-1.199920,-1.320205,
-1.132066,0.883617,
-0.741469,-1.826369,
0.062930,0.732158,
-0.464344,1.094360,
1.486736,0.487324,
-0.499535,-0.069189,
-1.132573,0.463348,
0.277946,0.589646,
0.071232,0.294725,
0.297756,1.297645,
0.750619,-0.989697,
-0.510140,0.477830,
-1.140245,1.187451,
-1.113681,-1.281986,
0.096286,0.780302,
-0.299802,0.682218,
-1.553082,0.535284,
0.557344,0.594511,
-1.478723,0.448599,
-1.358427,-1.116202,
0.465033,-0.625702,
-0.245679,-0.766298,
0.816835,0.420775,
-0.363797,0.532090,
-0.917546,-1.151394,
0.229113,-1.431586,
-1.611519,-0.361341,
-1.050491,-1.589667,
1.850785,-0.823459,
-0.271771,1.330295,
-0.793418,0.092056,
0.441987,-1.565617,
-1.004123,-1.159233,
-1.814839,0.943440,
-1.530288,-1.054642,
0.668317,0.886800,
-0.233739,0.206686,
0.006891,-0.336470,
-1.202924,0.756003,
-0.830615,-0.799287,
1.741341,-0.628728,
1.838385,-0.146744,
-1.231193,-0.919344,
-0.290417,1.064966,
1.262223,-0.307707,
1.462454,-0.705883,
-1.284405,-0.329383,
-1.445938,-0.392666,
-0.295986,-0.408186,
0.819770,-0.021440,
-1.098856,-1.513274,
-1.052293,-1.105705,
-0.726690,-0.250779,
-1.026788,-1.131747,
-0.152198,0.372517,
1.537939,-0.425394,
-0.292735,1.420777,
1.556851,-0.760958,
-1.133668,0.311209,
-1.381841,-0.896247,
0.052352,0.471374,
0.171857,-0.068696,
-0.605056,-0.054183,
0.447906,0.317340,
1.133024,0.347233,
0.144295,-0.993195,
-1.756635,0.691419,
0.020531,-0.948019,
0.487696,0.818951,
-1.291369,-1.575372,
1.137232,-1.160281,
-0.587200,1.231749,
0.828065,0.811120,
-0.646088,-0.831609,
-0.883483,0.356128,
-1.403952,1.450720,
0.069819,0.976294,
0.515738,-0.992073,
-0.267412,-1.579042,
-1.658692,-0.361949,
-1.306548,-1.225579,
-0.105928,-0.168143,
-1.015257,-1.367148,
-0.626239,-1.072095,
0.508659,0.546796,
0.572710,0.569058,
-1.494629,0.310209,
-1.071192,0.141957,
-1.581905,0.805676,
-1.664523,0.925885,
-0.199340,-1.154740,
-1.787129,0.146017,
1.507860,-1.029940,
0.387353,-1.121882,
-0.503697,-1.454657,
0.032821,0.526760,
-0.312401,-0.925916,
-1.332978,-1.658238,
0.360744,1.144542,
0.621672,0.371462,
0.251315,-1.338648,
-0.405181,-0.294132,
-0.288263,-0.508927,
0.333160,1.066226,
-0.276775,-0.610212,
-0.725396,-0.358787,
0.042555,-0.527163,
0.373307,0.837294,
-0.371290,-0.692885,
-1.215911,-0.840762,
-0.661756,-1.284158,
0.689946,-0.155966,
-1.727230,0.527478,
0.372782,0.589470,
-1.411827,0.743361,
0.340532,0.441201,
-1.536832,-0.892041,
-1.233958,-1.003611,
0.440113,-0.076265,
-0.907684,-1.750617,
0.236014,1.053149,
0.853820,1.204588,
0.351529,-0.372190,
-1.133949,-0.811688,
-0.062485,0.621230,
-0.077046,-1.571290,
-1.529657,-0.070666,
-0.121322,1.428734,
-1.019339,-1.042986,
1.080935,0.344344,
0.823156,0.996244,
0.884602,0.152938,
-0.198866,-0.081450,
-0.226432,-0.842927,
0.919302,-0.473188,
0.482520,0.472066,
0.588421,0.489959,
-0.358971,0.121547,
0.398838,1.215308,
0.319703,0.281421,
0.508009,0.496442,
0.759533,-0.787726,
-0.156193,-0.678021,
0.295749,0.736067,
0.185548,-1.649566,
-0.689521,0.069557,
-0.250954,-1.292690,
-1.033436,0.847836,
-1.389079,-0.246371,
1.078188,0.923307,
-1.395096,-1.212283,
-0.379412,0.639578,
0.661361,0.290000,
1.031210,0.350900,
0.632613,-1.350257,
-0.009527,0.424034,
1.104609,-0.353460,
0.776561,-1.281833,
1.595693,-1.025995,
-0.996104,-0.895949,
-1.448092,0.199836,
-1.055533,0.432156,
-1.162322,-1.413186,
0.140603,1.191831,
-0.416546,-1.132710,
-1.232955,-1.098250,
0.156362,0.314080,
1.145699,0.007664,
-0.863656,0.627296,
0.514757,0.401276,
0.014698,0.134427,
0.498355,0.156089,
-1.634593,0.100909,
-0.051886,0.854061,
-1.242697,-0.615352,
-0.802080,0.604141,
0.481988,1.128131,
0.774883,-1.196802,
0.931173,0.237472,
-0.411532,-0.922411,
-0.094971,-1.219318,
0.685088,0.105589,
0.935274,-1.239710,
-1.159270,-1.342883,
-0.665483,0.673098,
-0.074075,-1.440628,
-0.628911,-1.403746,
-0.439861,1.713961,
0.641197,0.712538,
1.588609,-0.451600,
-1.791779,0.460246,
-1.241767,-1.200441,
0.272255,-0.969812,
0.358461,0.534759,
0.536816,0.712021,
-0.960995,-1.321245,
-1.059411,-1.011381,
-0.828635,-0.452070,
1.116967,-1.489079,
-0.925385,0.656359,
-0.396670,-1.071583,
-0.790571,-1.204892,
0.280514,0.520546,
-1.094051,-0.765820,
-0.438039,-0.848323,
0.744981,0.908997,
1.153461,-0.799239,
-0.720744,-0.466021,
-1.065987,-1.262208,
0.015504,-1.512597,
0.371719,0.339194,
0.630961,0.606721,
0.651747,1.329945,
-0.775345,0.723498,
-1.524859,0.701269,
-0.883330,-0.725093,
1.396191,-0.368670,
-1.432767,-1.272433,
0.438219,0.396526,
0.325085,0.032556,
-1.220625,-1.681922,
-0.202306,-0.183345,
0.491556,0.656938,
-1.189417,-1.473693,
-0.193182,0.779364,
0.950725,-0.571946,
-0.857992,0.760896,
0.111269,-0.769926,
0.123287,0.238993,
0.981719,0.636428,
0.845831,-0.597177,
-0.743552,-1.409129,
-1.188156,-0.936426,
-0.371516,0.730998,
0.496256,-0.715839,
-0.804769,1.215660,
0.964576,-0.141909,
0.124642,-0.388778,
0.771492,0.287649,
0.936115,0.576631,
-1.243609,-1.102503,
0.000397,0.046672,
0.960426,-0.673690,
0.901664,0.037836,
-1.273024,-0.906505,
0.261433,-1.142866,
-1.375183,1.036413,
-1.389851,-0.079090,
1.238952,-0.059086,
1.129056,0.185852,
0.184417,0.757989,
1.176667,0.348270,
-1.496959,-0.796104,
-0.399141,0.869448,
-1.705459,-0.553048,
-0.985020,-1.187650,
0.264399,-0.883670,
-0.104434,-1.304381,
-1.713864,-0.125841,
-1.175271,1.353280,
-1.382242,0.213564,
-0.903760,-0.792222,
-0.934476,-0.441605,
-1.175955,-1.616776,
-1.206675,-1.097437,
0.605519,1.088653,
0.331750,0.750583,
-0.301730,-0.296885,
-1.361173,-1.083521,
0.365174,-1.410867,
-0.629646,1.737734,
1.008906,-1.518924,
0.613122,0.083768,
0.266124,-1.055804,
-0.816929,-1.522991,
0.348569,1.368330,
1.306640,-0.333873,
-0.492741,-0.598996,
-0.878454,0.489763,
-0.981297,-1.458609,
0.199941,-1.521597,
0.895996,0.436443,
-0.081401,-0.470504,
-1.624397,0.620028,
0.428422,1.550524,
-0.517539,-1.105582,
0.967809,-1.492004,
0.067620,1.495457,
-1.049472,-0.932131,
0.137173,-1.264769,
0.024047,1.319963,
1.094543,-0.113250,
0.588658,0.515876,
-1.209765,0.491603,
0.604675,0.646692,
-0.122868,0.726469,
-0.101404,-0.067619,
-1.115980,-0.543027,
-1.313872,0.229008,
1.064687,1.084292,
-0.481659,-1.635764,
-0.927495,-0.545890,
-0.934327,1.115391,
0.650994,0.564066,
0.717712,0.731026,
1.627050,-0.169925,
-1.282040,1.353311,
-1.429988,-1.139297,
0.245855,0.149105,
-1.298682,0.497464,
0.782361,1.110089,
1.224612,0.150469,
-0.100036,0.923671,
0.040069,0.218600,
-1.304044,0.074548,
-0.831973,-0.125260,
-1.048526,-0.214631,
-0.194034,-0.395657,
-1.547577,-0.221001,
0.395368,0.485674,
0.417655,0.609967,
0.190849,0.562208,
-0.970119,-1.216387,
-0.198589,-0.997676,
0.516115,1.616341,
0.409624,0.682776,
-1.037380,-0.436728,
0.344580,-0.055424,
0.264448,1.216601,
-0.948031,0.958969,
-1.017112,0.259804,
-1.358256,-1.357656,
-0.929647,-0.865834,
1.063297,-0.609511,
0.895652,1.113203,
0.238031,0.973268,
-1.255700,-0.669040,
1.300150,0.418427,
-1.202868,-0.774104,
0.181820,0.190300,
-0.963873,0.377105,
0.854536,0.260410,
-0.707135,0.304285,
0.023927,-1.105319,
-1.252093,-1.109519,
-0.815311,-0.657575,
-1.331180,-0.703820,
1.572374,-0.130963,
-0.510862,-0.282567,
1.205877,0.643477,
1.205942,-0.533281,
-0.924821,0.514761,
-1.283033,-0.203399,
0.100402,-1.450967,
0.314549,0.650010,
-1.064752,-0.737080,
-1.389222,-0.667752,
-0.138619,0.664558,
-0.263226,-0.688280,
-0.401103,-0.402425,
1.241070,0.691548,
0.386730,0.413073,
0.484590,-0.395930,
-0.194149,-1.076316,
0.373833,-0.759971,
0.735877,1.203503,
1.089488,-0.688078,
-1.534101,-0.583852,
0.183026,-0.160999,
-0.303811,-1.155801,
0.762661,0.658967,
-1.542163,1.141101,
0.492834,0.478238,
0.434646,0.162460,
1.013142,0.227560,
0.147730,1.022397,
0.403269,-0.226910,
0.378066,-1.314530,
0.574822,-0.570542,
1.285726,-0.605672,
-1.442393,-0.632056,
0.566545,-0.325239,
1.452714,0.188060,
1.780688,-0.736210,
0.080117,0.416144,
-0.036631,0.492980,
-1.071252,-1.197649,
0.497100,0.735177,
0.501496,0.486397,
-0.356238,-1.444276,
-1.312656,-0.897709,
-0.996660,-0.970462,
0.026577,0.631788,
-1.330704,-0.356304,
0.867551,-0.904394,
-1.879900,0.784064,
0.637678,-0.247390,
0.543445,0.793396,
0.291792,-1.593703,
-1.157992,-0.677729,
0.471513,0.592935,
-1.080220,-1.081455,
-0.850748,-1.310225,
0.635039,-0.080864,
-1.692200,-0.425053,
0.753864,-0.413783,
-0.616516,-0.374552,
0.762438,-1.516126,
0.129042,0.679483,
0.742710,0.816668,
1.692462,-0.549553,
-0.772086,0.852109,
-0.900735,0.113616,
-1.215473,-0.327724,
1.176623,0.595584,
1.018152,0.670460,
-1.257825,0.631263,
0.470851,0.468061,
-0.304933,1.505218,
1.222750,-0.272572,
-0.756565,0.197597,
1.846820,-0.611418,
0.429711,-0.540399,
-0.507313,-1.222803,
-1.192242,-1.249818,
0.464473,0.393807,
0.304152,0.478079,
-1.262433,-1.146526,
1.047395,0.726009,
-0.766753,-1.257143,
-1.177023,0.039561,
0.483251,0.583304,
-1.423078,0.060199,
-0.615044,-0.159806,
-0.102582,-0.903204,
0.246624,0.434196,
-0.455400,0.136156,
-0.923606,0.001941,
0.681680,1.114889,
-0.718791,0.698893,
0.216436,0.661314,
-0.405876,1.035575,
-0.105869,0.285821,
-0.696542,-0.998793,
0.105375,-0.297845,
-0.240302,0.390992,
0.927477,1.006887,
0.584414,0.938443,
0.336092,0.357499,
0.571467,0.444211,
1.168810,-0.484452,
1.747342,-0.301920,
-1.638643,1.110390,
0.290602,0.499059,
-0.201475,-0.290302,
0.140364,-1.167711,
1.333600,0.815745,
0.196857,0.380000,
-1.064979,-1.211942,
-1.172968,-0.551661,
0.520082,-0.243306,
0.634044,-1.046321,
-0.155846,-1.499519,
-1.347315,1.192734,
0.595243,0.757560,
-1.356853,-1.056070,
-0.871374,-0.993040,
0.285969,0.612054,
-1.235080,0.897778,
-1.388382,0.492797,
-1.567865,0.208556,
1.507862,-0.735480,
0.643735,0.401818,
0.275009,0.542944,
-1.794456,-0.657802,
0.516237,0.639337,
1.063441,0.502750,
-0.779376,-1.492700,
-0.532182,0.602943,
-0.722699,-1.043918,
1.388520,0.473793,
-1.115590,-1.143434,
-0.954872,-1.298076,
-1.931652,1.095328,
-0.067694,-0.567874,
0.445164,0.606177,
0.666352,0.012072,
0.470157,0.235518,
-1.132136,-1.278857,
-1.708302,0.132655,
-1.071601,-0.637387,
-0.044131,-0.651642,
-0.788674,-0.866131,
-1.160047,-0.866842,
1.816251,-0.386723,
-0.331956,0.417846,
0.528367,0.881433,
-0.666717,-1.597154,
-1.079748,-1.183357,
0.272991,0.405534,
1.391642,-1.007373,
0.251741,-1.826369,
-0.073766,0.120204,
-1.585105,0.956877,
-0.788132,-0.738246,
1.150073,-1.217910,
-1.006508,-0.636119,
0.177048,1.362036,
-0.706828,-0.667699,
-1.104304,-0.897372,
-0.715571,1.372398,
-1.102249,-1.156002,
0.083176,-0.110362,
-1.329090,-0.618942,
-0.472469,0.352828,
-1.144491,-0.957658,
-0.004547,-0.806080,
0.570759,-1.601257,
-1.035713,-1.454649,
0.815489,0.499268,
-0.171505,-0.590880,
0.837138,0.908778,
0.899475,-1.089230,
0.804036,0.732751,
0.542696,1.032860,
-0.302738,-0.189873,
1.660030,-0.839471,
-1.936313,-0.750438,
-1.490732,-0.601635,
-1.074291,0.585338,
-1.126917,-0.438449,
-0.521905,-1.388038,
1.750499,0.209323,
-1.172267,-1.262428,
-1.221110,-0.206777,
0.733440,-1.595035,
-1.349160,-0.893758,
0.224791,0.465418,
-1.243749,1.493796,
-0.351949,-1.770032,
-0.555847,0.153096,
0.621906,-1.439663,
1.489356,-0.402029,
1.195660,-0.028860,
-0.400040,-0.998535,
0.362344,0.523783,
0.784369,1.329007,
-1.396345,-0.564363,
1.269063,0.147197,
0.521955,0.235721,
1.142375,0.555798,
1.734114,-0.886932,
0.388288,-0.455414,
-0.543040,-0.842415,
-1.770907,-0.503334,
-0.742427,-1.360451,
-0.405159,-1.372569,
0.297384,1.508442,
-1.090209,-1.169373,
0.122729,1.582868,
-0.560771,1.521878,
-0.776241,-0.928069,
-1.603570,-0.627667,
-1.278316,-1.495277,
-0.610966,-0.481287,
1.103597,-1.109995,
-0.249044,0.993090,
0.880844,-0.390670,
1.639069,-0.499346,
-0.452906,0.671932,
0.087292,0.071829,
1.557245,0.442684,
0.013224,-1.285687,
1.258340,0.751885,
1.859038,0.059773,
-0.288820,0.308501,
0.389389,-0.846447,
0.711670,0.602200,
-1.081651,1.348450,
-0.745619,-0.814902,
0.412724,0.758338,
0.037245,1.411700,
-0.422417,0.234000,
-0.097400,0.438400,
-0.877173,1.638427,
-0.507128,1.462845,
-1.373172,-0.394171,
-0.249596,0.837221,
-0.898191,1.272347,
-0.981944,-1.077034,
-0.609038,-0.899517,
1.076507,1.008085,
0.512487,0.533487,
0.367912,0.259177,
-0.696752,-1.719431,
0.091978,-0.202191,
-0.678525,-1.773311,
-0.936220,-1.451546,
-1.363124,0.071061,
-0.932404,-1.548583,
0.658588,0.437596,
0.392412,-1.647534,
0.458714,0.600686,
-1.013993,0.696958,
1.106733,0.529452,
-1.097503,-1.281437,
-1.061082,-1.225928,
-0.801470,1.429160,
-0.821303,-1.153553,
-0.419225,0.445659,
-0.628996,-1.511942,
1.011785,-0.947238,
0.245405,1.137584,
-0.124741,0.519321,
0.696429,0.326586,
-1.888415,0.980388,
-1.082207,-1.716931,
-1.623915,-0.817109,
0.252316,1.618157,
-0.654491,0.175204,
-0.025466,-0.737973,
-1.409476,-0.907310,
0.203533,0.270562,
0.692630,-0.327677,
-0.494512,-0.984368,
-1.254199,1.041389,
0.632381,-0.751648,
0.509889,-1.285890,
-1.270554,-0.069846,
-0.685317,-0.943667,
-0.991245,-1.356531,
0.024452,0.580502,
-0.763189,0.997437,
0.741248,-0.683482,
0.440390,-0.310084,
-1.258318,-1.119209,
0.382404,0.913012,
-1.020501,-0.720857,
-0.544314,0.862475,
0.189006,0.862329,
0.851158,0.638354,
1.415264,-0.684709,
-0.464052,-0.772359,
0.573017,0.682215,
-0.473241,1.374291,
-1.176733,-0.717419,
-0.194981,0.293543,
-0.973088,-1.341004,
0.801225,0.349211,
-1.270700,-0.819190,
-0.844635,1.057830,
-0.623821,1.581405,
1.557982,0.169236,
-0.210426,-0.919454,
-0.159798,-1.748575,
-0.208364,1.162089,
-0.060941,1.077321,
-1.446579,1.161270,
0.556075,0.425919,
-1.513098,-0.444014,
0.233693,0.342963,
-0.381220,0.022685,
-0.088305,-1.055358,
0.100425,-1.583292,
-1.172222,-1.024298,
-0.225810,-1.642413,
0.821477,0.087798,
-1.641517,0.268083,
-0.931368,-0.942766,
-0.828753,0.469463,
-0.384617,-0.603342,
-0.116642,1.342890,
0.360554,0.569317,
-0.104572,1.250326,
-0.307541,-1.348555,
1.342008,0.446303,
0.387236,0.092325,
-0.188675,0.464939,
1.021209,-0.201562,
-0.201411,0.916976,
-1.220514,-1.096611,
-1.567939,0.388270,
1.175519,0.163586,
0.020259,-0.435156,
0.968936,0.120720,
1.403042,0.971186,
-0.595123,-0.965458,
-1.343856,-1.279697,
1.350052,-0.351346,
0.140046,-1.068786,
0.582408,0.465848,
-0.688910,-0.760463,
-0.306095,0.902386,
-0.941735,-0.108892,
0.184350,-1.767607,
-0.233873,-1.425209,
-0.767832,-1.103545,
-1.202804,-0.083803,
-0.563450,-1.146798,
-0.392903,-0.512892,
-1.575426,0.033690,
-1.042978,-0.328054,
-1.210852,-0.442879,
-0.512931,-0.915115,
0.046226,0.848398,
0.990521,-0.862738,
0.286311,-0.513071,
0.938335,-1.459236,
-0.167983,0.112680,
0.814232,-0.309906,
0.511287,-0.804776,
0.513186,-1.086952,
0.264037,0.715710,
-0.741557,0.438457,
1.144860,-0.172249,
1.916549,-0.901189,
0.536942,0.411484,
-1.062900,1.625278,
-1.651134,0.449328,
0.622805,0.174032,
0.771588,-1.375776,
0.139775,0.464279,
-0.004905,-0.240515,
-0.483893,-0.686782,
-0.715903,-0.571102,
0.940226,0.840341,
-0.452782,0.929494,
0.640653,-1.148339,
0.665222,0.477612,
0.114907,0.362872,
1.243774,-0.571611,
-0.378545,0.328869,
0.001403,0.793441,
-0.730656,1.150980,
-1.432741,-0.294320,
-1.312621,-1.006112,
-1.084097,-1.277562,
0.752839,-0.234832,
0.067867,-0.621229,
-0.433417,0.771426,
-1.197363,0.185468,
1.266674,-0.920978,
-0.700520,0.818506,
0.809196,0.193274,
0.725365,-1.708813,
1.180637,-1.255948,
0.314681,0.116254,
-0.577102,-1.709725,
0.200864,-0.249482,
1.471335,-0.100598,
1.047740,-0.059786,
-0.873416,-1.694547,
0.991786,-0.341030,
-1.186830,0.342794,
0.496310,-1.384496,
-1.260007,-0.458262,
-0.947761,-1.113315,
1.918708,-0.207896,
0.432164,0.468791,
-0.654566,1.308282,
0.231724,-0.722663,
-0.941913,0.805144,
-1.334190,0.370582,
-1.619546,-0.708481,
-0.093325,0.788624,
-0.088564,-1.133870,
0.495575,0.972183,
1.069069,0.204342,
-1.420224,-0.778883,
-1.262829,-0.999587,
0.375855,0.503060,
0.560999,0.329859,
-1.354950,0.624085,
-1.373802,-0.787091,
0.436607,1.059362,
0.954292,-1.304827,
-1.101394,-0.982752,
-0.515988,0.255111,
-0.631000,0.789320,
0.537701,-0.085371,
-0.596912,-0.684078,
-0.498358,-1.683153,
-1.369913,-1.440160,
-0.060244,0.359756,
-1.330566,-1.189668,
-0.508808,-0.175582,
-1.109987,-1.059482,
0.452371,1.284536,
0.079628,-1.705916,
-0.101208,-0.269222,
0.224105,-0.340937,
-1.275063,-1.260536,
0.619136,-0.411504,
-0.283677,0.016009,
-0.306116,1.598206,
0.129338,-0.842087,
-0.900748,-1.435123,
1.259857,0.385778,
0.462300,0.078218,
-0.584297,0.051137,
0.031666,1.143751,
-0.966692,1.503273,
0.319918,-0.593825,
1.520405,-0.112373,
0.100283,0.900338,
-1.573267,-0.588632,
0.290166,-0.199567,
-0.723531,-0.142584,
-1.668953,0.743172,
-0.729518,1.615567,
-0.689809,-1.222923,
-0.803146,0.331872,
0.726948,1.015896,
-1.456474,0.600364,
-1.504032,-1.158062,
0.513885,0.520341,
-1.382079,-1.749866,
-0.335139,-1.215076,
0.760972,-1.091413,
0.753372,-0.886453,
0.152873,0.721084,
1.503805,0.187139,
-0.821227,-0.015789,
1.651003,0.354537,
-1.064231,-0.852281,
-1.445454,-1.072573,
-1.268923,-0.738773,
-0.397333,-0.080918,
0.538407,0.618308,
0.512330,0.507827,
-1.347470,0.899500,
1.308599,-0.955690,
0.953943,-1.371755,
0.039371,0.682160,
-1.648473,1.251099,
-1.103569,0.024642,
0.414470,-1.744464,
-0.562324,0.379689,
1.045024,-0.523346,
-0.683314,0.544247,
0.356883,0.546137,
-1.138283,-1.782140,
0.702004,1.428798,
-1.044842,-1.372058,
0.455191,0.750642,
0.613726,1.230439,
1.180735,-0.229132,
-1.736339,-0.789317,
0.258975,-1.241681,
-1.130028,-1.131873,
-0.139210,0.596709,
0.680266,0.659954,
-1.128360,-0.647772,
-1.026980,0.016433,
-1.176411,-1.105693,
-1.729169,1.093978,
0.121432,-1.359400,
0.925874,-0.267193,
-1.038015,-0.100319,
1.296208,-1.270623,
-1.856188,0.496406,
1.609300,-0.797526,
-0.309273,-1.513200,
-0.641573,-1.558675,
-1.437088,-0.127260,
0.138423,0.824584,
0.437336,0.678894,
0.177534,-0.564784,
-0.085806,1.603212,
-0.212325,0.560886,
-1.563678,-0.390972,
1.225190,-0.889185,
0.593669,0.347349,
-0.711534,-0.035327,
0.524926,0.319164,
1.083291,0.845062,
-0.874815,-1.411292,
-1.523633,-0.832606,
0.405940,0.989226,
-1.239541,1.193124,
-0.595620,0.508703,
0.858358,-0.693218,
0.334114,-1.503483,
0.267908,-0.109662,
-0.333927,1.142881,
-0.784662,-0.980403,
1.065464,0.779999,
1.119118,-0.745659,
-0.163073,-1.366731,
-0.325932,0.218044,
-0.823080,-0.556751,
1.018955,0.489925,
0.884552,0.537248,
-0.892105,-1.190837,
-1.252252,-1.182155,
-0.998886,0.548615,
-0.725305,-1.162406,
0.730209,0.237720,
1.043969,-0.999238,
-0.942560,-0.222274,
0.192825,0.595882,
0.722873,0.371501,
1.018261,-0.428090,
-0.850584,-1.347434,
0.274695,0.309685,
-1.097358,-1.439307,
0.639205,-0.845609,
-0.624801,-1.459809,
0.569914,1.421316,
0.412107,0.403117,
-0.404254,-0.185689,
0.237418,0.690483,
1.446769,-1.022032,
-1.023936,-0.539982,
-0.985913,0.130327,
-0.857942,0.905032,
-1.330626,-0.070558,
0.274139,0.566055,
0.026574,0.356855,
-0.008907,-0.047325,
0.395145,-0.935925,
0.082532,-0.016501,
1.377684,-0.090770,
-0.949534,0.247214,
-1.818724,0.723194,
-0.744074,0.571719,
-1.222772,-0.569716,
0.148756,-0.481528,
1.330231,-0.087560,
-1.348571,-1.152352,
-1.343279,-0.207919,
-1.191843,-1.100530,
-1.738275,0.914703,
-0.185823,0.018515,
0.742401,0.481178,
-1.041212,1.000514,
-0.867581,-1.542759,
0.455230,0.904177,
1.763477,-0.036243,
-1.331905,-1.017352,
1.315635,0.154806,
-1.164017,0.612503,
0.636994,-0.944518,
-0.618299,-0.267245,
1.619788,0.132312,
1.686034,-0.221720,
-1.773042,-0.860398,
-0.081614,1.735819,
0.312477,0.908212,
-0.052133,1.690252,
0.382693,0.681475,
-0.750431,-1.309379,
0.494992,-0.002157,
0.424586,1.432437,
-0.283101,0.760937,
0.477941,-1.482978,
0.357347,0.675097,
0.538367,1.184493,
-0.296099,-0.084510,
-1.323731,-0.801310,
-0.959838,-1.244835,
0.647128,0.983846,
1.714442,0.466956,
-0.965415,-0.797033,
-1.513058,0.116652,
1.138260,-0.425832,
-1.523206,1.296290,
-1.402591,1.321621,
-0.084957,1.165453,
-1.239078,-1.292449,
0.334411,0.664462,
0.020883,-1.020169,
-0.185050,-0.504755,
0.393574,-1.027193,
0.445270,0.466482,
0.167034,0.019050,
0.008079,-0.877188,
-1.721104,0.313571,
0.865477,-0.802943,
0.875675,-1.011934,
0.302946,0.379835,
-0.274445,0.494281,
1.286024,-0.078538,
-0.872110,-1.230961,
0.371133,0.758312,
0.802479,-0.497866,
0.368289,0.513177,
0.581549,-0.001924,
-1.431206,-0.929698,
-0.217359,0.714183,
-1.261469,0.358131,
-1.171520,-1.546495,
-0.055120,0.678524,
1.189261,-0.842346,
0.862727,-0.199717,
0.527716,-1.675177,
-0.049970,0.206141,
-1.059832,-1.239243,
0.312180,0.201647,
-0.576748,-0.764878,
0.320881,0.458553,
-1.751376,-0.271696,
-0.138673,0.999392,
0.729805,-0.060386,
0.252488,-0.426634,
-0.139212,0.202919,
0.141101,-0.916679,
-0.613394,0.277611,
0.023420,1.234332,
0.891586,0.698622,
0.253090,-0.023500,
-0.207852,-1.233132,
-1.318532,-0.548222,
0.528585,-0.480465,
1.070987,1.151247,
1.431280,0.491143,
-0.447219,0.563382,
0.486811,0.315061,
0.738621,0.423700,
0.796618,0.580320,
1.405597,0.185600,
-0.223413,0.644087,
0.247375,0.890898,
0.255670,0.232745,
0.598538,0.844635,
1.099661,0.051027,
-1.624045,-0.924841,
-1.457768,-0.503936,
0.502072,0.559767,
1.551721,0.646584,
-1.210993,-1.234869,
-0.357276,1.655277,
-0.852348,0.223001,
0.972688,-0.780671,
-0.446245,-1.187694,
0.919076,-1.177556,
-1.416182,0.343099,
-1.061431,-1.251476,
-0.482753,0.033724,
-1.145194,-1.121605,
-0.667418,-1.110169,
-0.755359,-1.453896,
0.533576,1.324036,
-0.001864,-1.378403,
-0.377954,-1.269271,
-1.346580,-1.034161,
0.047304,1.060634,
0.490309,0.395434,
-0.580335,1.023104,
-1.259268,-1.163752,
-0.982905,1.312904,
0.404585,0.608049,
-0.261151,0.114326,
-0.331690,-0.847181,
-0.354827,-0.770790,
0.003193,0.918210,
-1.036669,-1.658946,
-1.164939,-1.193296,
-1.653934,-0.121642,
-1.462155,-0.780168,
-1.160739,-1.112794,
-1.303913,-0.485038,
0.112878,0.636284,
0.357602,0.557815,
-0.352307,0.967014,
-0.601072,0.633281,
-0.956867,-0.718427,
0.165132,0.420815,
0.884681,0.342278,
-0.684553,0.945914,
0.105500,0.591727,
0.751466,0.141875,
-0.641386,-1.344856,
-0.608181,0.900734,
0.493519,0.572079,
0.619305,0.262699,
0.107575,0.548153,
0.102131,0.159035,
0.319219,0.989282,
1.345785,-0.987708,
1.905913,-0.718155,
-0.455259,-1.298600,
0.888273,-0.080884,
-1.140823,-1.040303,
-1.227890,-1.218169,
0.419288,0.472923,
-0.484659,-1.578965,
0.201528,0.629327,
0.640409,-1.247703,
0.268224,0.814256,
-0.527858,1.158743,
-1.476119,-0.001986,
0.733615,0.541639,
1.358755,0.169500,
-0.652310,1.085352,
-1.010600,-0.814829,
0.164462,0.942957,
-0.858117,-1.271078,
-0.153756,0.847658,
-0.655266,0.408221,
0.603916,-1.532807,
0.662546,0.794032,
-0.492251,-1.518523,
-0.954599,-1.272323,
0.219582,1.446387,
0.318697,0.830613,
-0.094884,-0.375180,
-0.576671,0.750074,
-0.596375,-1.024462,
0.583270,0.542553,
1.422865,-0.093692,
-1.011371,0.401335,
0.700704,-1.682875,
-0.870817,1.471320,
-0.174462,1.082225,
0.971490,-0.009735,
-0.501884,-0.495767,
0.607266,-0.657209,
0.956954,0.339274,
-0.704161,-0.883012,
-0.970122,-1.809558,
0.520768,-0.898500,
-1.097593,1.499922,
-0.835603,-0.234721,
-1.287705,-1.333667,
-0.858322,-1.381550,
-1.829935,1.099682,
-0.547262,-1.319094,
-1.118662,-1.359540,
-0.866810,-0.860441,
-0.032799,0.997160,
0.384941,0.493826,
-0.395896,-1.811841,
-0.033253,0.735659,
0.583564,-0.164586,
-0.520568,0.716003,
1.230289,-1.271256,
0.561645,0.159769,
-0.094712,-0.977860,
0.747252,0.041365,
0.385656,-1.217155,
-1.477554,0.998077,
0.464984,0.670297,
0.353286,-0.676556,
-0.513244,0.975352,
-1.269557,-1.758100,
-0.579699,-1.248838,
-0.858154,-1.103986,
0.406939,0.478658,
-1.499110,-0.305578,
0.251440,-0.798947,
1.291373,0.796331,
1.078203,-0.273278,
1.072419,-1.060631,
-0.009697,-1.641160,
1.221311,0.360711,
0.940181,0.929058,
-1.597050,-0.154826,
-0.853616,-0.920563,
-0.008693,-0.141515,
0.668041,-0.496699,
-0.180206,-1.700155,
0.458281,0.466186,
-0.507978,-0.391607,
1.326658,-0.634748,
-1.151960,-1.272239,
0.291878,-1.705129,
-1.142603,-0.328507,
-0.487553,0.821988,
0.195984,0.529572,
-0.344918,0.815976,
-1.654245,-0.966186,
-0.238930,1.249766,
-1.833199,-0.761249,
0.362657,0.425965,
0.223173,0.789506,
-0.431700,1.294755,
0.776347,-1.439092,
-0.718351,-1.622230,
0.439171,0.537780,
1.032048,0.086210,
-0.384849,1.214380,
-0.912751,-0.639098,
0.170796,0.107810,
0.408795,0.009741,
-0.803556,-1.631689,
0.716376,-0.589966,
-1.136597,-0.212196,
-1.289359,-1.000230,
-0.092785,0.027432,
-0.619535,-1.178670,
0.662681,0.520389,
0.430235,0.833435,
-1.711224,-0.696795,
0.418431,0.243709,
0.023443,-1.189953,
-0.833364,-0.344573,
-1.079990,-1.369320,
-0.501486,-1.048272,
-0.014345,0.285884,
-1.539348,-0.966636,
0.245434,0.065492,
0.372199,0.177989,
0.381826,0.597504,
0.152505,1.280176,
0.317303,-0.284892,
-1.276498,-1.422919,
-1.240740,0.057614,
-1.132793,-0.093462,
0.207694,0.497586,
-1.203512,-1.011898,
-1.106437,0.735322,
-0.919688,-1.620679,
0.679764,0.199845,
-1.445040,-0.965855,
1.125059,1.147188,
-1.011278,-1.538736,
-1.073551,-1.271029,
0.208637,-0.647958,
1.688215,0.055280,
-1.254832,0.209542,
0.923057,0.779488,
-0.108892,1.523160,
-0.605036,-0.583776,
0.298259,0.632306,
-0.054975,0.560072,
0.538223,0.075059,
0.369793,-0.139603,
0.512209,-1.186330,
0.475831,-0.158272,
0.572279,0.244679,
-1.483711,-0.184812,
-1.261985,-1.131535,
1.400947,-1.236506,
-1.386054,-0.474391,
-1.031126,1.155050,
0.409256,0.325656,
-0.940083,-0.332661,
1.441228,-0.385927,
-0.298632,-1.080610,
-0.120270,-0.830125,
-0.946712,-1.012127,
0.119778,0.506438,
1.370196,-0.662987,
-0.900298,-1.056812,
-1.135666,0.160167,
-1.460348,0.861958,
0.958936,0.453708,
-1.144325,1.033941,
0.365627,0.579985,
-0.299351,-1.003702,
0.140213,1.108785,
-0.296308,0.594136,
-0.136062,-0.753777,
0.792271,-0.129015,
0.091649,-0.694343,
-1.761129,1.227009,
1.936313,-0.333044,
-1.713974,1.355254,
-1.881379,-0.648273,
1.805752,-0.934556,
1.681852,-1.029484,
1.513374,-1.198364,
1.259773,-1.435627,
-1.382874,-1.551071,
0.866584,-1.703757,
-1.840516,-0.502462,
-1.806774,-0.264559,
-1.444256,-1.390069,
-1.575666,1.400418,
-1.261429,1.609970,
-0.857916,1.755380,
-0.336932,1.826369,
10,1141,510,1274,1272,1271,1270,1269,724,1089,430,503,1266,766,583,971,694,333,1281,1280,1279,1278,1267,1265,492,624,404,869,100,1276,1275,1268,536,955,1180,823,1277,1273,825,1154,850,1129,
