277,12,24,24,31,73,4.496492,2.951576,
0.000000,1.383496,
-0.779683,1.475788,
-0.766069,1.412190,
-0.735217,1.354204,
-0.690184,1.304304,
-0.634814,1.259748,
-0.570037,1.223064,
-0.499394,1.190332,
-0.422604,1.165434,
-0.342752,1.142968,
-0.259085,1.128622,
-0.174093,1.115396,
-0.087214,1.110711,
0.000000,1.106326,
0.087214,1.110711,
0.174093,1.115396,
0.259085,1.128622,
0.342752,1.142968,
0.422604,1.165434,
0.499394,1.190332,
0.570037,1.223064,
0.634814,1.259748,
0.690184,1.304304,
0.735217,1.354204,
0.766069,1.412190,
0.779683,1.475788,
-1.292540,1.368408,
-1.230335,1.257463,
-1.148747,1.172285,
-1.053771,1.099525,
-0.948698,1.046575,
-0.838962,0.998237,
-0.723285,0.966680,
-0.606693,0.934184,
-0.486352,0.917329,
-0.366378,0.896062,
-0.244212,0.890234,
-0.122474,0.878148,
0.000000,0.881562,
0.122474,0.878148,
0.244212,0.890234,
0.366378,0.896062,
0.486352,0.917329,
0.606693,0.934184,
0.723285,0.966680,
0.838962,0.998237,
0.948698,1.046575,
1.053771,1.099525,
1.148747,1.172285,
1.230335,1.257463,
1.292540,1.368408,
-1.696442,1.132953,
-1.573430,1.014199,
-1.436356,0.919468,
-1.296446,0.854388,
-1.152336,0.797793,
-1.007992,0.761703,
-0.863011,0.726039,
-0.718309,0.706866,
-0.574068,0.683833,
-0.430057,0.675605,
-0.286569,0.661344,
-0.143182,0.661255,
0.000000,0.654244,
0.143182,0.661255,
0.286569,0.661344,
0.430057,0.675605,
0.574068,0.683833,
0.718309,0.706866,
0.863011,0.726039,
1.007992,0.761703,
1.152336,0.797793,
1.296446,0.854388,
1.436356,0.919468,
1.573430,1.014199,
1.696442,1.132953,
-1.999590,0.810145,
-1.809795,0.703839,
-1.632913,0.634157,
-1.454386,0.577592,
-1.284823,0.541476,
-1.115155,0.508327,
-0.951475,0.489287,
-0.788211,0.468687,
-0.628732,0.459508,
-0.469697,0.446583,
-0.312745,0.443941,
-0.156042,0.436558,
0.000000,0.439070,
0.156042,0.436558,
0.312745,0.443941,
0.469697,0.446583,
0.628732,0.459508,
0.788211,0.468687,
0.951475,0.489287,
1.115155,0.508327,
1.284823,0.541476,
1.454386,0.577592,
1.632913,0.634157,
1.809795,0.703839,
1.999590,0.810145,
-2.179865,0.419165,
-1.957514,0.362771,
-1.742396,0.320458,
-1.548747,0.293619,
-1.356996,0.270737,
-1.177726,0.256946,
-0.999288,0.243371,
-0.828487,0.236391,
-0.658196,0.227970,
-0.492372,0.225079,
-0.326837,0.219979,
-0.163373,0.219997,
0.000000,0.217494,
0.163373,0.219997,
0.326837,0.219979,
0.492372,0.225079,
0.658196,0.227970,
0.828487,0.236391,
0.999288,0.243371,
1.177726,0.256946,
1.356996,0.270737,
1.548747,0.293619,
1.742396,0.320458,
1.957514,0.362771,
2.179865,0.419165,
-2.248246,0.000000,
-1.998564,0.000000,
-1.784109,0.000000,
-1.574802,0.000000,
-1.384119,0.000000,
-1.195050,0.000000,
-1.017010,0.000000,
-0.839706,0.000000,
-0.669019,0.000000,
-0.498717,0.000000,
-0.331984,-0.000000,
-0.165426,-0.000000,
0.000000,-0.000000,
0.165426,-0.000000,
0.331984,-0.000000,
0.498717,-0.000000,
0.669019,-0.000000,
0.839706,-0.000000,
1.017010,-0.000000,
1.195050,-0.000000,
1.384119,-0.000000,
1.574802,-0.000000,
1.784109,-0.000000,
1.998564,-0.000000,
2.248246,-0.000000,
-2.179865,-0.419165,
-1.957514,-0.362771,
-1.742396,-0.320458,
-1.548747,-0.293619,
-1.356996,-0.270737,
-1.177726,-0.256946,
-0.999288,-0.243371,
-0.828487,-0.236391,
-0.658196,-0.227970,
-0.492372,-0.225079,
-0.326837,-0.219979,
-0.163373,-0.219997,
-0.000000,-0.217494,
0.163373,-0.219997,
0.326837,-0.219979,
0.492372,-0.225079,
0.658196,-0.227970,
0.828487,-0.236391,
0.999288,-0.243371,
1.177726,-0.256946,
1.356996,-0.270737,
1.548747,-0.293619,
1.742396,-0.320458,
1.957514,-0.362771,
2.179865,-0.419165,
-1.999590,-0.810145,
-1.809795,-0.703839,
-1.632913,-0.634157,
-1.454386,-0.577592,
-1.284823,-0.541476,
-1.115155,-0.508327,
-0.951475,-0.489287,
-0.788211,-0.468687,
-0.628732,-0.459508,
-0.469697,-0.446583,
-0.312745,-0.443941,
-0.156042,-0.436558,
-0.000000,-0.439070,
0.156042,-0.436558,
0.312745,-0.443941,
0.469697,-0.446583,
0.628732,-0.459508,
0.788211,-0.468687,
0.951475,-0.489287,
1.115155,-0.508327,
1.284823,-0.541476,
1.454386,-0.577592,
1.632913,-0.634157,
1.809795,-0.703839,
1.999590,-0.810145,
-1.696442,-1.132953,
-1.573430,-1.014199,
-1.436356,-0.919468,
-1.296446,-0.854388,
-1.152336,-0.797793,
-1.007992,-0.761703,
-0.863011,-0.726039,
-0.718309,-0.706866,
-0.574068,-0.683833,
-0.430057,-0.675605,
-0.286569,-0.661344,
-0.143182,-0.661255,
-0.000000,-0.654244,
0.143182,-0.661255,
0.286569,-0.661344,
0.430057,-0.675605,
0.574068,-0.683833,
0.718309,-0.706866,
0.863011,-0.726039,
1.007992,-0.761703,
1.152336,-0.797793,
1.296446,-0.854388,
1.436356,-0.919468,
1.573430,-1.014199,
1.696442,-1.132953,
-1.292540,-1.368408,
-1.230335,-1.257463,
-1.148747,-1.172285,
-1.053771,-1.099525,
-0.948698,-1.046575,
-0.838962,-0.998237,
-0.723285,-0.966680,
-0.606693,-0.934184,
-0.486352,-0.917329,
-0.366378,-0.896062,
-0.244212,-0.890234,
-0.122474,-0.878148,
-0.000000,-0.881562,
0.122474,-0.878148,
0.244212,-0.890234,
0.366378,-0.896062,
0.486352,-0.917329,
0.606693,-0.934184,
0.723285,-0.966680,
0.838962,-0.998237,
0.948698,-1.046575,
1.053771,-1.099525,
1.148747,-1.172285,
1.230335,-1.257463,
1.292540,-1.368408,
-0.779683,-1.475788,
-0.766069,-1.412190,
-0.735217,-1.354204,
-0.690184,-1.304304,
-0.634814,-1.259748,
-0.570037,-1.223064,
-0.499394,-1.190332,
-0.422604,-1.165434,
-0.342752,-1.142968,
-0.259085,-1.128622,
-0.174093,-1.115396,
-0.087214,-1.110711,
-0.000000,-1.106326,
0.087214,-1.110711,
0.174093,-1.115396,
0.259085,-1.128622,
0.342752,-1.142968,
0.422604,-1.165434,
0.499394,-1.190332,
0.570037,-1.223064,
0.634814,-1.259748,
0.690184,-1.304304,
0.735217,-1.354204,
0.766069,-1.412190,
0.779683,-1.475788,
-0.000000,-1.383496,
0,0,1,2,
0,0,2,3,
0,0,3,4,
0,0,4,5,
0,0,5,6,
0,0,6,7,
0,0,7,8,
0,0,8,9,
0,0,9,10,
0,0,10,11,
0,0,11,12,
0,0,12,13,
0,0,13,14,
0,0,14,15,
0,0,15,16,
0,0,16,17,
0,0,17,18,
0,0,18,19,
0,0,19,20,
0,0,20,21,
0,0,21,22,
0,0,22,23,
0,0,23,24,
0,0,24,25,
2,2,1,26,26,27,
3,2,2,27,28,28,
4,4,3,28,28,29,
5,4,4,29,30,30,
6,6,5,30,30,31,
7,6,6,31,32,32,
8,8,7,32,32,33,
9,8,8,33,34,34,
10,10,9,34,34,35,
11,10,10,35,36,36,
12,12,11,36,36,37,
13,12,12,37,38,38,
14,14,13,38,38,39,
15,14,14,39,40,40,
16,16,15,40,40,41,
17,16,16,41,42,42,
18,18,17,42,42,43,
19,18,18,43,44,44,
20,20,19,44,44,45,
21,20,20,45,46,46,
22,22,21,46,46,47,
23,22,22,47,48,48,
24,24,23,48,48,49,
25,24,24,49,50,50,
27,26,26,51,52,52,
28,28,27,52,52,53,
29,28,28,53,54,54,
30,30,29,54,54,55,
31,30,30,55,56,56,
32,32,31,56,56,57,
33,32,32,57,58,58,
34,34,33,58,58,59,
35,34,34,59,60,60,
36,36,35,60,60,61,
37,36,36,61,62,62,
38,38,37,62,62,63,
39,38,38,63,64,64,
40,40,39,64,64,65,
41,40,40,65,66,66,
42,42,41,66,66,67,
43,42,42,67,68,68,
44,44,43,68,68,69,
45,44,44,69,70,70,
46,46,45,70,70,71,
47,46,46,71,72,72,
48,48,47,72,72,73,
49,48,48,73,74,74,
50,50,49,74,74,75,
52,52,51,76,76,77,
53,52,52,77,78,78,
54,54,53,78,78,79,
55,54,54,79,80,80,
56,56,55,80,80,81,
57,56,56,81,82,82,
58,58,57,82,82,83,
59,58,58,83,84,84,
60,60,59,84,84,85,
61,60,60,85,86,86,
62,62,61,86,86,87,
63,62,62,87,88,88,
64,64,63,88,88,89,
65,64,64,89,90,90,
66,66,65,90,90,91,
67,66,66,91,92,92,
68,68,67,92,92,93,
69,68,68,93,94,94,
70,70,69,94,94,95,
71,70,70,95,96,96,
72,72,71,96,96,97,
73,72,72,97,98,98,
74,74,73,98,98,99,
75,74,74,99,100,100,
77,76,76,101,102,102,
78,78,77,102,102,103,
79,78,78,103,104,104,
80,80,79,104,104,105,
81,80,80,105,106,106,
82,82,81,106,106,107,
83,82,82,107,108,108,
84,84,83,108,108,109,
85,84,84,109,110,110,
86,86,85,110,110,111,
87,86,86,111,112,112,
88,88,87,112,112,113,
89,88,88,113,114,114,
90,90,89,114,114,115,
91,90,90,115,116,116,
92,92,91,116,116,117,
93,92,92,117,118,118,
94,94,93,118,118,119,
95,94,94,119,120,120,
96,96,95,120,120,121,
97,96,96,121,122,122,
98,98,97,122,122,123,
99,98,98,123,124,124,
100,100,99,124,124,125,
102,102,101,126,126,127,
103,102,102,127,128,128,
104,104,103,128,128,129,
105,104,104,129,130,130,
106,106,105,130,130,131,
107,106,106,131,132,132,
108,108,107,132,132,133,
109,108,108,133,134,134,
110,110,109,134,134,135,
111,110,110,135,136,136,
112,112,111,136,136,137,
113,112,112,137,138,138,
114,114,113,138,138,139,
115,114,114,139,140,140,
116,116,115,140,140,141,
117,116,116,141,142,142,
118,118,117,142,142,143,
119,118,118,143,144,144,
120,120,119,144,144,145,
121,120,120,145,146,146,
122,122,121,146,146,147,
123,122,122,147,148,148,
124,124,123,148,148,149,
125,124,124,149,150,150,
127,126,126,151,152,152,
128,128,127,152,152,153,
129,128,128,153,154,154,
130,130,129,154,154,155,
131,130,130,155,156,156,
132,132,131,156,156,157,
133,132,132,157,158,158,
134,134,133,158,158,159,
135,134,134,159,160,160,
136,136,135,160,160,161,
137,136,136,161,162,162,
138,138,137,162,162,163,
139,138,138,163,164,164,
140,140,139,164,164,165,
141,140,140,165,166,166,
142,142,141,166,166,167,
143,142,142,167,168,168,
144,144,143,168,168,169,
145,144,144,169,170,170,
146,146,145,170,170,171,
147,146,146,171,172,172,
148,148,147,172,172,173,
149,148,148,173,174,174,
150,150,149,174,174,175,
152,152,151,176,176,177,
153,152,152,177,178,178,
154,154,153,178,178,179,
155,154,154,179,180,180,
156,156,155,180,180,181,
157,156,156,181,182,182,
158,158,157,182,182,183,
159,158,158,183,184,184,
160,160,159,184,184,185,
161,160,160,185,186,186,
162,162,161,186,186,187,
163,162,162,187,188,188,
164,164,163,188,188,189,
165,164,164,189,190,190,
166,166,165,190,190,191,
167,166,166,191,192,192,
168,168,167,192,192,193,
169,168,168,193,194,194,
170,170,169,194,194,195,
171,170,170,195,196,196,
172,172,171,196,196,197,
173,172,172,197,198,198,
174,174,173,198,198,199,
175,174,174,199,200,200,
177,176,176,201,202,202,
178,178,177,202,202,203,
179,178,178,203,204,204,
180,180,179,204,204,205,
181,180,180,205,206,206,
182,182,181,206,206,207,
183,182,182,207,208,208,
184,184,183,208,208,209,
185,184,184,209,210,210,
186,186,185,210,210,211,
187,186,186,211,212,212,
188,188,187,212,212,213,
189,188,188,213,214,214,
190,190,189,214,214,215,
191,190,190,215,216,216,
192,192,191,216,216,217,
193,192,192,217,218,218,
194,194,193,218,218,219,
195,194,194,219,220,220,
196,196,195,220,220,221,
197,196,196,221,222,222,
198,198,197,222,222,223,
199,198,198,223,224,224,
200,200,199,224,224,225,
202,202,201,226,226,227,
203,202,202,227,228,228,
204,204,203,228,228,229,
205,204,204,229,230,230,
206,206,205,230,230,231,
207,206,206,231,232,232,
208,208,207,232,232,233,
209,208,208,233,234,234,
210,210,209,234,234,235,
211,210,210,235,236,236,
212,212,211,236,236,237,
213,212,212,237,238,238,
214,214,213,238,238,239,
215,214,214,239,240,240,
216,216,215,240,240,241,
217,216,216,241,242,242,
218,218,217,242,242,243,
219,218,218,243,244,244,
220,220,219,244,244,245,
221,220,220,245,246,246,
222,222,221,246,246,247,
223,222,222,247,248,248,
224,224,223,248,248,249,
225,224,224,249,250,250,
227,226,226,251,252,252,
228,228,227,252,252,253,
229,228,228,253,254,254,
230,230,229,254,254,255,
231,230,230,255,256,256,
232,232,231,256,256,257,
233,232,232,257,258,258,
234,234,233,258,258,259,
235,234,234,259,260,260,
236,236,235,260,260,261,
237,236,236,261,262,262,
238,238,237,262,262,263,
239,238,238,263,264,264,
240,240,239,264,264,265,
241,240,240,265,266,266,
242,242,241,266,266,267,
243,242,242,267,268,268,
244,244,243,268,268,269,
245,244,244,269,270,270,
246,246,245,270,270,271,
247,246,246,271,272,272,
248,248,247,272,272,273,
249,248,248,273,274,274,
250,250,249,274,274,275,
252,251,276,276,
253,252,276,276,
254,253,276,276,
255,254,276,276,
256,255,276,276,
257,256,276,276,
258,257,276,276,
259,258,276,276,
260,259,276,276,
261,260,276,276,
262,261,276,276,
263,262,276,276,
264,263,276,276,
265,264,276,276,
266,265,276,276,
267,266,276,276,
268,267,276,276,
269,268,276,276,
270,269,276,276,
271,270,276,276,
272,271,276,276,
273,272,276,276,
274,273,276,276,
275,274,276,276,
0
1
26
51
76
101
126
151
176
201
226
251
276
275
250
225
200
175
150
125
100
75
50
25
-0.705590,2.532549,
-0.639746,2.539820,
-0.737457,2.596345,
-0.842298,2.668852,
-0.951716,2.768729,
-1.059472,2.911366,
-1.126167,2.971550,
-1.226810,3.042613,
-1.318796,3.126046,
-1.378062,2.994867,
-1.431654,2.756236,
-1.469199,2.295258,
-1.471272,1.634897,
-1.437753,1.157488,
-1.388970,0.909530,
-1.335933,0.774091,
-1.282586,0.691620,
-1.226810,-3.042613,
-1.126167,-2.971550,
-1.059472,-2.911366,
-0.951716,-2.768729,
-0.842298,-2.668852,
-0.737457,-2.596345,
-0.639746,-2.539820,
-0.705590,-2.532549,
-0.622922,-2.412685,
-0.547319,-2.321261,
-0.480594,-2.250326,
-0.422709,-2.194209,
-0.372821,-2.148971,
-0.329848,-2.111869,
-0.553640,-2.412202,
-0.525739,-2.343289,
-0.499956,-2.285445,
-0.476430,-2.236507,
-0.455105,-2.194755,
-0.435830,-2.158831,
-0.418419,-2.127672,
-0.402678,-2.100438,
-0.388419,-2.076465,
-0.375475,-2.055224,
-0.363692,-2.036289,
-0.352937,-2.019316,
-0.343092,-2.004023,
-0.334056,-1.990179,
-0.325738,-1.977591,
-0.318062,-1.966101,
-0.310959,-1.955572,
-0.304371,-1.945891,
-0.470254,-2.510079,
-0.468073,-2.489393,
-0.465889,-2.470180,
-0.463718,-2.452300,
-0.461575,-2.435631,
-0.459468,-2.420061,
-0.457406,-2.405492,
-0.455392,-2.391836,
-0.453431,-2.379015,
-0.451524,-2.366958,
-0.449672,-2.355601,
-0.447876,-2.344890,
-0.446135,-2.334771,
-0.444449,-2.325200,
-0.442817,-2.316134,
-0.441238,-2.307536,
-0.439709,-2.299372,
-0.438230,-2.291611,
-0.436799,-2.284224,
-0.435414,-2.277186,
-0.434074,-2.270473,
-0.432776,-2.264065,
-0.431521,-2.257940,
-0.430305,-2.252082,
-0.631276,2.655827,
-0.706647,2.833971,
-0.717157,2.870895,
-0.817316,3.014458,
-0.907393,-3.112709,
-0.997007,-2.926095,
-1.084449,-2.722945,
-1.169067,-2.527502,
-1.243233,-2.217021,
-1.315685,-1.854441,
-1.368739,-1.517027,
-1.409473,-0.919090,
-1.425565,0.000000,
-1.409473,0.919090,
-1.368739,1.517027,
-1.315685,1.854441,
-1.243233,2.217021,
-1.169067,2.527502,
-1.084449,2.722945,
-0.997007,2.926095,
-0.907393,3.112709,
-0.817316,-3.014458,
-0.717157,-2.870895,
-0.706647,-2.833971,
-0.631276,-2.655827,
-0.554328,-2.516824,
-0.482700,-2.409208,
-0.419208,-2.325231,
-0.364262,-2.258744,
-0.317174,-2.205239,
-0.511936,-2.468095,
-0.485935,-2.388656,
-0.461675,-2.322491,
-0.439480,-2.266985,
-0.419387,-2.220025,
-0.401287,-2.179946,
-0.385009,-2.145443,
-0.370363,-2.115495,
-0.357164,-2.089300,
-0.345239,-2.066226,
-0.334436,-2.045765,
-0.324620,-2.027513,
-0.315673,-2.011141,
-0.307492,-1.996379,
-0.299991,-1.983008,
-0.293092,-1.970843,
-0.448428,-2.530518,
-0.447039,-2.506963,
-0.445564,-2.485228,
-0.444033,-2.465129,
-0.442473,-2.446501,
-0.440902,-2.429201,
-0.439333,-2.413100,
-0.437778,-2.398087,
-0.436245,-2.384060,
-0.434740,-2.370930,
-0.433267,-2.358618,
-0.431828,-2.347053,
-0.430427,-2.336173,
-0.429063,-2.325920,
-0.427738,-2.316244,
-0.426452,-2.307099,
-0.425204,-2.298443,
-0.423995,-2.290241,
-0.422822,-2.282457,
-0.421686,-2.275063,
-0.420585,-2.268029,
-0.419519,-2.261332,
-0.418486,-2.254947,
-0.417485,-2.248854,
-0.416516,-2.243034,
-0.415576,-2.237470,
-0.414665,-2.232144,
-0.536206,2.783490,
-0.598966,2.975405,
-0.646589,3.105145,
-0.730539,-2.981807,
-0.801803,-2.765238,
-0.871402,-2.548632,
-0.942625,-2.293768,
-1.002949,-1.980228,
-1.058970,-1.647179,
-1.104430,-1.297983,
-1.140049,-0.903371,
-1.159692,-0.470517,
-1.166283,0.000000,
-1.159692,0.470517,
-1.140049,0.903371,
-1.104430,1.297983,
-1.058970,1.647179,
-1.002949,1.980228,
-0.942625,2.293768,
-0.871402,2.548632,
-0.801803,2.765238,
-0.730539,2.981807,
-0.646589,-3.105145,
-0.598966,-2.975405,
-0.536206,-2.783490,
-0.468630,-2.627521,
-0.404084,-2.503900,
-0.346313,-2.406287,
-0.296276,-2.328632,
-0.458211,-2.534139,
-0.435843,-2.441921,
-0.414468,-2.365636,
-0.394706,-2.302173,
-0.376758,-2.248954,
-0.360601,-2.203922,
-0.346110,-2.165470,
-0.333121,-2.132346,
-0.321466,-2.103574,
-0.310983,-2.078390,
-0.301529,-2.056187,
-0.292974,-2.036485,
-0.285208,-2.018897,
-0.278136,-2.003109,
-0.420740,-2.555635,
-0.420628,-2.528398,
-0.420283,-2.503458,
-0.419763,-2.480565,
-0.419111,-2.459498,
-0.418363,-2.440063,
-0.417546,-2.422091,
-0.416682,-2.405433,
-0.415786,-2.389958,
-0.414871,-2.375551,
-0.413949,-2.362111,
-0.413025,-2.349548,
-0.412107,-2.337783,
-0.411199,-2.326744,
-0.410304,-2.316369,
-0.409424,-2.306602,
-0.408563,-2.297393,
-0.407720,-2.288696,
-0.406897,-2.280472,
-0.406095,-2.272683,
-0.405313,-2.265298,
-0.404552,-2.258285,
-0.403811,-2.251619,
-0.403091,-2.245275,
-0.402391,-2.239230,
-0.401711,-2.233464,
-0.401050,-2.227959,
-0.400407,-2.222697,
-0.399783,-2.217664,
-0.399177,-2.212845,
-0.420677,2.911525,
-0.469363,3.109941,
-0.525895,-2.966664,
-0.580884,-2.764328,
-0.642400,-2.539419,
-0.688185,-2.276628,
-0.741768,-2.003305,
-0.783391,-1.699383,
-0.815913,-1.385642,
-0.845250,-1.062277,
-0.864318,-0.724238,
-0.876598,-0.351245,
-0.881552,-0.000000,
-0.876598,0.351245,
-0.864318,0.724238,
-0.845250,1.062277,
-0.815913,1.385642,
-0.783391,1.699383,
-0.741768,2.003305,
-0.688185,2.276628,
-0.642400,2.539419,
-0.580884,2.764328,
-0.525895,2.966664,
-0.469363,-3.109941,
-0.420677,-2.911525,
-0.365331,-2.742503,
-0.310828,-2.604269,
-0.261347,-2.493093,
-0.388108,-2.612612,
-0.371950,-2.504947,
-0.355507,-2.416311,
-0.339823,-2.343146,
-0.325357,-2.282336,
-0.312246,-2.231348,
-0.300461,-2.188192,
-0.289904,-2.151321,
-0.280448,-2.119536,
-0.271966,-2.091906,
-0.264339,-2.067701,
-0.257460,-2.046345,
-0.384612,-2.587194,
-0.386590,-2.555099,
-0.388072,-2.525980,
-0.389160,-2.499485,
-0.389938,-2.475308,
-0.390469,-2.453182,
-0.390805,-2.432876,
-0.390986,-2.414188,
-0.391043,-2.396945,
-0.391003,-2.380995,
-0.390886,-2.366204,
-0.390708,-2.352456,
-0.390482,-2.339650,
-0.390219,-2.327695,
-0.389928,-2.316513,
-0.389615,-2.306034,
-0.389285,-2.296195,
-0.388945,-2.286941,
-0.388596,-2.278224,
-0.388243,-2.269998,
-0.387887,-2.262225,
-0.387530,-2.254868,
-0.387175,-2.247897,
-0.386822,-2.241282,
-0.386472,-2.234997,
-0.386127,-2.229019,
-0.385786,-2.223326,
-0.385451,-2.217898,
-0.385121,-2.212718,
-0.384797,-2.207769,
-0.384480,-2.203036,
-0.384168,-2.198506,
-0.383863,-2.194166,
-0.289352,3.035853,
-0.325593,-3.049498,
-0.369318,-2.846865,
-0.404613,-2.622331,
-0.441590,-2.376465,
-0.475424,-2.113641,
-0.506122,-1.839654,
-0.529400,-1.550246,
-0.553371,-1.256652,
-0.569564,-0.953287,
-0.580663,-0.634710,
-0.588737,-0.321602,
-0.587629,-0.000000,
-0.588737,0.321602,
-0.580663,0.634710,
-0.569564,0.953287,
-0.553371,1.256652,
-0.529400,1.550246,
-0.506122,1.839654,
-0.475424,2.113641,
-0.441590,2.376465,
-0.404613,2.622331,
-0.369318,2.846865,
-0.325593,3.049498,
-0.289352,-3.035853,
-0.246971,-2.858883,
-0.202799,-2.697981,
-0.296116,-2.706098,
-0.289672,-2.580019,
-0.281078,-2.476335,
-0.271844,-2.391278,
-0.262783,-2.321191,
-0.254281,-2.262977,
-0.246484,-2.214164,
-0.239414,-2.172831,
-0.233037,-2.137493,
-0.227293,-2.107007,
-0.222117,-2.080484,
-0.341312,-2.589223,
-0.345808,-2.554478,
-0.349515,-2.523199,
-0.352585,-2.494945,
-0.355139,-2.469337,
-0.357271,-2.446049,
-0.359060,-2.424801,
-0.360564,-2.405354,
-0.361834,-2.387501,
-0.362909,-2.371064,
-0.363821,-2.355889,
-0.364597,-2.341841,
-0.365257,-2.328806,
-0.365820,-2.316681,
-0.366301,-2.305377,
-0.366711,-2.294816,
-0.367061,-2.284930,
-0.367360,-2.275657,
-0.367614,-2.266944,
-0.367830,-2.258742,
-0.368013,-2.251010,
-0.368168,-2.243708,
-0.368297,-2.236802,
-0.368405,-2.230262,
-0.368494,-2.224060,
-0.368566,-2.218170,
-0.368624,-2.212571,
-0.368670,-2.207241,
-0.368704,-2.202161,
-0.368729,-2.197316,
-0.368746,-2.192688,
-0.368755,-2.188265,
-0.368757,-2.184032,
-0.368754,-2.179978,
-0.368745,-2.176093,
-0.146633,3.097705,
-0.177637,-2.976853,
-0.183687,-2.760636,
-0.210108,-2.531321,
-0.223734,-2.281666,
-0.243127,-2.025299,
-0.256266,-1.753286,
-0.269204,-1.476481,
-0.279051,-1.190989,
-0.286072,-0.897955,
-0.292158,-0.602384,
-0.293103,-0.299878,
-0.295190,0.000000,
-0.293103,0.299878,
-0.292158,0.602384,
-0.286072,0.897955,
-0.279051,1.190989,
-0.269204,1.476481,
-0.256266,1.753286,
-0.243127,2.025299,
-0.223734,2.281666,
-0.210108,2.531321,
-0.183687,2.760636,
-0.177637,2.976853,
-0.146633,-3.097705,
-0.112011,-2.904596,
-0.176552,-2.817179,
-0.183689,-2.669821,
-0.186645,-2.547980,
-0.187052,-2.448332,
-0.186037,-2.366834,
-0.184295,-2.299773,
-0.182232,-2.244094,
-0.180074,-2.197396,
-0.177944,-2.157832,
-0.278726,-2.634240,
-0.288347,-2.591622,
-0.296438,-2.553750,
-0.303286,-2.519965,
-0.309120,-2.489705,
-0.314122,-2.462494,
-0.318437,-2.437928,
-0.322183,-2.415665,
-0.325453,-2.395415,
-0.328324,-2.376931,
-0.330856,-2.360003,
-0.333102,-2.344451,
-0.335102,-2.330120,
-0.336891,-2.316877,
-0.338497,-2.304608,
-0.339946,-2.293211,
-0.341257,-2.282600,
-0.342447,-2.272699,
-0.343531,-2.263439,
-0.344521,-2.254763,
-0.345428,-2.246617,
-0.346262,-2.238956,
-0.347029,-2.231738,
-0.347738,-2.224928,
-0.348394,-2.218491,
-0.349002,-2.212398,
-0.349567,-2.206623,
-0.350094,-2.201143,
-0.350585,-2.195935,
-0.351043,-2.190979,
-0.351473,-2.186259,
-0.351876,-2.181757,
-0.352254,-2.177460,
-0.352610,-2.173354,
-0.352945,-2.169426,
-0.353261,-2.165666,
-0.353560,-2.162062,
-0.353842,-2.158605,
-0.000000,-3.141593,
0.000000,-2.944865,
0.000000,-2.727045,
-0.000000,-2.495559,
-0.000000,-2.252036,
-0.000000,-1.993974,
0.000000,-1.728448,
0.000000,-1.452387,
-0.000000,-1.170466,
-0.000000,-0.882596,
0.000000,-0.590403,
-0.000000,-0.296014,
NULL
-0.000000,0.296014,
-0.000000,0.590403,
-0.000000,0.882596,
-0.000000,1.170466,
-0.000000,1.452387,
0.000000,1.728448,
0.000000,1.993974,
-0.000000,2.252036,
-0.000000,2.495559,
-0.000000,2.727045,
0.000000,2.944865,
-0.000000,-3.141593,
-0.026826,-2.947733,
-0.049597,-2.777207,
-0.067601,-2.633989,
-0.081321,-2.516545,
-0.091651,-2.420961,
-0.099452,-2.342985,
-0.105409,-2.278890,
-0.188221,-2.696045,
-0.206824,-2.641882,
-0.222501,-2.594503,
-0.235787,-2.552885,
-0.247116,-2.516158,
-0.256843,-2.483593,
-0.265249,-2.454577,
-0.272562,-2.428603,
-0.278964,-2.405246,
-0.284602,-2.384152,
-0.289596,-2.365023,
-0.294042,-2.347609,
-0.298021,-2.331698,
-0.301598,-2.317112,
-0.304827,-2.303697,
-0.307755,-2.291321,
-0.310419,-2.279872,
-0.312852,-2.269252,
-0.315082,-2.259377,
-0.317132,-2.250171,
-0.319022,-2.241572,
-0.320769,-2.233522,
-0.322388,-2.225970,
-0.323892,-2.218874,
-0.325293,-2.212193,
-0.326601,-2.205893,
-0.327824,-2.199942,
-0.328970,-2.194313,
-0.330046,-2.188980,
-0.331058,-2.183922,
-0.332011,-2.179117,
-0.332910,-2.174547,
-0.333760,-2.170196,
-0.334564,-2.166048,
-0.335326,-2.162090,
-0.336049,-2.158309,
-0.336736,-2.154693,
-0.337390,-2.151233,
-0.338012,-2.147917,
-0.338605,-2.144738,
-0.339171,-2.141687,
0.146633,3.097705,
0.177637,-2.976853,
0.183687,-2.760636,
0.210108,-2.531321,
0.223734,-2.281666,
0.243127,-2.025299,
0.256266,-1.753286,
0.269204,-1.476481,
0.279051,-1.190989,
0.286072,-0.897955,
0.292158,-0.602384,
0.293103,-0.299878,
0.295190,0.000000,
0.293103,0.299878,
0.292158,0.602384,
0.286072,0.897955,
0.279051,1.190989,
0.269204,1.476481,
0.256266,1.753286,
0.243127,2.025299,
0.223734,2.281666,
0.210108,2.531321,
0.183687,2.760636,
0.177637,2.976853,
0.146633,-3.097705,
0.112011,-2.904596,
0.078412,-2.737433,
0.048684,-2.598685,
0.023704,-2.485758,
-0.051054,-2.785292,
-0.085551,-2.713233,
-0.114671,-2.651354,
-0.139271,-2.598026,
-0.160130,-2.551840,
-0.177914,-2.511612,
-0.193172,-2.476369,
-0.206352,-2.445311,
-0.217812,-2.417784,
-0.227842,-2.393255,
-0.236675,-2.371284,
-0.244499,-2.351510,
-0.251468,-2.333631,
-0.257708,-2.317397,
-0.263321,-2.302600,
-0.268394,-2.289062,
-0.272998,-2.276633,
-0.277192,-2.265186,
-0.281027,-2.254612,
-0.284546,-2.244816,
-0.287784,-2.235718,
-0.290774,-2.227246,
-0.293542,-2.219340,
-0.296110,-2.211945,
-0.298500,-2.205014,
-0.300729,-2.198505,
-0.302813,-2.192382,
-0.304764,-2.186612,
-0.306595,-2.181165,
-0.308316,-2.176014,
-0.309937,-2.171138,
-0.311466,-2.166514,
-0.312910,-2.162125,
-0.314277,-2.157951,
-0.315572,-2.153979,
-0.316800,-2.150194,
-0.317968,-2.146583,
-0.319078,-2.143135,
-0.320135,-2.139838,
-0.321143,-2.136684,
-0.322105,-2.133663,
-0.323024,-2.130767,
-0.323903,-2.127988,
-0.324744,-2.125320,
0.289352,3.035853,
0.325593,-3.049498,
0.369318,-2.846865,
0.404613,-2.622331,
0.441590,-2.376465,
0.475424,-2.113641,
0.506122,-1.839654,
0.529400,-1.550246,
0.553371,-1.256652,
0.569564,-0.953287,
0.580663,-0.634710,
0.588737,-0.321602,
0.587629,-0.000000,
0.588737,0.321602,
0.580663,0.634710,
0.569564,0.953287,
0.553371,1.256652,
0.529400,1.550246,
0.506122,1.839654,
0.475424,2.113641,
0.441590,2.376465,
0.404613,2.622331,
0.369318,2.846865,
0.325593,3.049498,
0.289352,-3.035853,
0.246971,-2.858883,
0.202799,-2.697981,
0.101860,-2.820980,
0.049691,-2.735467,
0.005204,-2.663400,
-0.032482,-2.602435,
-0.064397,-2.550552,
-0.091513,-2.506089,
-0.114673,-2.467703,
-0.134581,-2.434321,
-0.151808,-2.405086,
-0.166816,-2.379313,
-0.179977,-2.356450,
-0.191589,-2.336050,
-0.201895,-2.317751,
-0.211094,-2.301254,
-0.219345,-2.286313,
-0.226782,-2.272725,
-0.233516,-2.260317,
-0.239638,-2.248946,
-0.245226,-2.238489,
-0.250343,-2.228843,
-0.255047,-2.219919,
-0.259383,-2.211639,
-0.263392,-2.203937,
-0.267108,-2.196756,
-0.270563,-2.190045,
-0.273782,-2.183760,
-0.276788,-2.177862,
-0.279601,-2.172317,
-0.282239,-2.167094,
-0.284718,-2.162167,
-0.287051,-2.157511,
-0.289250,-2.153105,
-0.291327,-2.148928,
-0.293291,-2.144965,
-0.295152,-2.141198,
-0.296916,-2.137614,
-0.298592,-2.134201,
-0.300186,-2.130945,
-0.301703,-2.127837,
-0.303149,-2.124866,
-0.304529,-2.122024,
-0.305846,-2.119303,
-0.307106,-2.116696,
-0.308312,-2.114194,
-0.309467,-2.111793,
-0.310575,-2.109485,
0.384663,2.996452,
0.469363,3.109941,
0.525895,-2.966664,
0.580884,-2.764328,
0.642400,-2.539419,
0.688185,-2.276628,
0.741768,-2.003305,
0.783391,-1.699383,
0.815913,-1.385642,
0.845250,-1.062277,
0.864318,-0.724238,
0.876598,-0.351245,
0.881552,-0.000000,
0.876598,0.351245,
0.864318,0.724238,
0.845250,1.062277,
0.815913,1.385642,
0.783391,1.699383,
0.741768,2.003305,
0.688185,2.276628,
0.642400,2.539419,
0.580884,2.764328,
0.525895,2.966664,
0.469363,-3.109941,
0.384663,-2.996452,
0.302483,-2.869886,
0.227565,-2.765315,
0.161950,-2.679228,
0.105712,-2.608108,
0.057961,-2.548926,
0.017489,-2.499235,
-0.016903,-2.457116,
-0.046276,-2.421081,
-0.071522,-2.389978,
-0.093365,-2.362908,
-0.112395,-2.339167,
-0.129082,-2.318200,
-0.143808,-2.299562,
-0.156882,-2.282897,
-0.168552,-2.267916,
-0.179025,-2.254381,
-0.188468,-2.242097,
-0.197020,-2.230901,
-0.204799,-2.220657,
-0.211901,-2.211252,
-0.218409,-2.202586,
-0.224393,-2.194578,
-0.229911,-2.187157,
-0.235015,-2.180260,
-0.239750,-2.173835,
-0.244152,-2.167836,
-0.248256,-2.162221,
-0.252090,-2.156956,
-0.255679,-2.152009,
-0.259046,-2.147352,
-0.262211,-2.142960,
-0.265191,-2.138812,
-0.268001,-2.134889,
-0.270656,-2.131171,
-0.273168,-2.127645,
-0.138300,-2.907857,
-0.143129,-2.903799,
-0.147742,-2.899915,
-0.152152,-2.896196,
-0.156372,-2.892631,
-0.160413,-2.889211,
-0.164287,-2.885926,
-0.168003,-2.882770,
-0.171571,-2.879735,
-0.174999,-2.876815,
-0.178295,-2.874002,
-0.181467,-2.871291,
-0.184520,-2.868676,
0.453677,2.807402,
0.550616,2.940584,
0.646589,3.105145,
0.730539,-2.981807,
0.801803,-2.765238,
0.871402,-2.548632,
0.942625,-2.293768,
1.002949,-1.980228,
1.058970,-1.647179,
1.104430,-1.297983,
1.140049,-0.903371,
1.159692,-0.470517,
1.166283,0.000000,
1.159692,0.470517,
1.140049,0.903371,
1.104430,1.297983,
1.058970,1.647179,
1.002949,1.980228,
0.942625,2.293768,
0.871402,2.548632,
0.801803,2.765238,
0.730539,2.981807,
0.646589,-3.105145,
0.550616,-2.940584,
0.453677,-2.807402,
0.363379,-2.700938,
0.283320,-2.615684,
0.214244,-2.546809,
0.155397,-2.490504,
0.105448,-2.443892,
0.062984,-2.404828,
0.026721,-2.371710,
-0.004432,-2.343335,
-0.031374,-2.318790,
-0.054833,-2.297373,
-0.075394,-2.278537,
-0.093530,-2.261855,
-0.109623,-2.246984,
-0.123985,-2.233651,
-0.136868,-2.221633,
-0.148481,-2.210746,
-0.158997,-2.200842,
-0.168559,-2.191794,
-0.177288,-2.183498,
-0.009319,-2.923782,
-0.021070,-2.917129,
-0.032060,-2.910904,
-0.042358,-2.905066,
-0.052023,-2.899582,
-0.061110,-2.894420,
-0.069666,-2.889553,
-0.077737,-2.884956,
-0.085359,-2.880608,
-0.092569,-2.876490,
-0.099398,-2.872583,
-0.105875,-2.868873,
-0.112025,-2.865343,
-0.117872,-2.861983,
-0.123436,-2.858780,
-0.128739,-2.855723,
-0.133796,-2.852802,
-0.138626,-2.850009,
-0.143241,-2.847336,
-0.147656,-2.844774,
-0.151884,-2.842318,
-0.155936,-2.839961,
-0.159822,-2.837696,
-0.163552,-2.835519,
-0.167136,-2.833425,
0.388076,0.261905,
0.383848,0.263931,
0.379753,0.265888,
0.375783,0.267778,
0.503322,2.626307,
0.607638,2.732518,
0.717157,2.870895,
0.817316,3.014458,
0.907393,-3.112709,
0.997007,-2.926095,
1.084449,-2.722945,
1.169067,-2.527502,
1.243233,-2.217021,
1.315685,-1.854441,
1.368739,-1.517027,
1.409473,-0.919090,
1.425565,0.000000,
1.409473,0.919090,
1.368739,1.517027,
1.315685,1.854441,
1.243233,2.217021,
1.169067,2.527502,
1.084449,2.722945,
0.997007,2.926095,
0.907393,3.112709,
0.817316,-3.014458,
0.717157,-2.870895,
0.607638,-2.732518,
0.503322,-2.626307,
0.409450,-2.543937,
0.327663,-2.479006,
0.257548,-2.426915,
0.387834,-2.975037,
0.342630,-2.958065,
0.301780,-2.943222,
0.264826,-2.930136,
0.231341,-2.918516,
0.200935,-2.908132,
0.704301,0.262342,
0.685410,0.267430,
0.667589,0.272085,
0.650761,0.276359,
0.634856,0.280297,
0.619808,0.283938,
0.605556,0.287313,
0.592044,0.290451,
0.579221,0.293376,
0.567040,0.296108,
0.555457,0.298667,
0.544433,0.301067,
0.533931,0.303324,
0.523917,0.305450,
0.514359,0.307455,
0.505229,0.309350,
0.496500,0.311144,
0.488149,0.312844,
0.480151,0.314458,
0.472486,0.315992,
0.465135,0.317452,
0.458079,0.318843,
0.451301,0.320169,
0.444787,0.321436,
0.438522,0.322647,
0.432492,0.323806,
0.426684,0.324916,
0.421087,0.325979,
0.415690,0.327000,
0.410483,0.327980,
0.405456,0.328922,
0.400601,0.329828,
0.395908,0.330700,
0.391370,0.331540,
0.386980,0.332350,
0.382731,0.333131,
0.378616,0.333884,
0.374629,0.334612,
0.370764,0.335315,
0.931619,-0.492713,
0.966973,-0.502759,
1.004671,-0.514689,
1.044815,-0.529086,
1.087482,-0.546793,
1.132701,-0.569086,
1.180429,-0.597975,
1.230509,-0.636818,
1.318796,3.126046,
1.378062,2.994867,
1.431654,2.756236,
1.469199,2.295258,
1.471272,1.634897,
1.437753,1.157488,
1.388970,0.909530,
1.335933,0.774091,
1.282586,0.691620,
1.230509,0.636818,
1.180429,0.597975,
1.132701,0.569086,
1.087482,0.546793,
1.044815,0.529086,
1.004671,0.514689,
0.966973,0.502759,
0.931619,0.492713,
0.898485,0.484141,
0.867443,0.476740,
0.838359,0.470287,
0.811102,0.464612,
0.785545,0.459581,
0.761565,0.455091,
0.739048,0.451060,
0.717885,0.447420,
0.697976,0.444118,
0.679228,0.441109,
0.661554,0.438355,
0.644876,0.435825,
0.629120,0.433493,
0.614219,0.431337,
0.600112,0.429337,
0.586743,0.427478,
0.574059,0.425744,
0.562014,0.424124,
0.550563,0.422606,
0.539666,0.421182,
0.529287,0.419843,
0.519391,0.418581,
0.509948,0.417390,
0.500929,0.416265,
0.492307,0.415199,
0.484058,0.414189,
0.476159,0.413230,
0.468589,0.412318,
0.461329,0.411451,
0.454362,0.410624,
0.447670,0.409835,
0.441237,0.409081,
0.435051,0.408361,
0.429096,0.407671,
0.423362,0.407011,
0.417836,0.406377,
0.412507,0.405770,
0.407366,0.405186,
0.402402,0.404625,
0.397608,0.404086,
0.392974,0.403566,
0.388494,0.403066,
0.384159,0.402584,
0.379963,0.402118,
0.375899,0.401669,
0.371962,0.401236,
0.368146,0.400816,
0.364445,0.400411,
0.854767,-0.747662,
0.883050,-0.773957,
0.912769,-0.804014,
0.943884,-0.838636,
0.976293,-0.878841,
1.009808,-0.925931,
1.044123,-0.981567,
1.078768,-1.047850,
1.198326,2.349483,
1.219576,2.181240,
1.230700,1.998479,
1.230915,1.812256,
1.220725,1.634897,
1.201742,1.475603,
1.176110,1.338429,
1.145948,1.223176,
1.113042,1.127373,
1.078768,1.047850,
1.044123,0.981567,
1.009808,0.925931,
0.976293,0.878841,
0.943884,0.838636,
0.912769,0.804014,
0.883050,0.773957,
0.854767,0.747662,
0.827924,0.724494,
0.802491,0.703949,
0.778423,0.685620,
0.755664,0.669176,
0.734149,0.654350,
0.713812,0.640918,
0.694583,0.628698,
0.676398,0.617536,
0.659190,0.607302,
0.642897,0.597888,
0.627461,0.589200,
0.612826,0.581158,
0.598939,0.573693,
0.585752,0.566748,
0.573219,0.560269,
0.561299,0.554212,
0.549951,0.548537,
0.539139,0.543210,
0.528829,0.538199,
0.518990,0.533479,
0.509593,0.529023,
0.500610,0.524812,
0.492017,0.520825,
0.483791,0.517045,
0.475909,0.513456,
0.468352,0.510045,
0.461102,0.506799,
0.454140,0.503705,
0.447451,0.500754,
0.441020,0.497936,
0.434832,0.495242,
0.428876,0.492665,
0.423138,0.490196,
0.417607,0.487830,
0.412273,0.485559,
0.407126,0.483379,
0.402156,0.481283,
0.397355,0.479268,
0.392715,0.477329,
0.388227,0.475460,
0.383885,0.473660,
0.379681,0.471924,
0.375610,0.470248,
0.371666,0.468630,
0.367842,0.467066,
0.364134,0.465554,
0.360537,0.464092,
0.357045,0.462677,
0.767149,-0.928605,
0.787885,-0.959928,
0.809284,-0.994532,
0.831250,-1.032864,
0.853646,-1.075429,
0.876280,-1.122786,
0.898894,-1.175539,
0.921155,-1.234318,
1.013508,2.057189,
1.020074,1.949312,
1.021382,1.841384,
1.017626,1.735864,
1.009240,1.634897,
0.996839,1.540089,
0.981129,1.452427,
0.962835,1.372322,
0.942641,1.299736,
0.921155,1.234318,
0.898894,1.175539,
0.876280,1.122786,
0.853646,1.075429,
0.831250,1.032864,
0.809284,0.994532,
0.787885,0.959928,
0.767149,0.928605,
0.747139,0.900171,
0.727888,0.874286,
0.709414,0.850650,
0.691717,0.829006,
0.674787,0.809132,
0.658606,0.790831,
0.643152,0.773935,
0.628397,0.758298,
0.614312,0.743790,
0.600868,0.730298,
0.588033,0.717725,
0.575778,0.705982,
0.564073,0.694994,
0.552888,0.684692,
0.542196,0.675016,
0.531972,0.665912,
0.522188,0.657332,
0.512821,0.649233,
0.503849,0.641578,
0.495250,0.634331,
0.487004,0.627461,
0.479091,0.620940,
0.471495,0.614743,
0.464197,0.608847,
0.457182,0.603230,
0.450436,0.597874,
0.443944,0.592761,
0.437693,0.587875,
0.431671,0.583202,
0.425866,0.578728,
0.420268,0.574441,
0.414867,0.570330,
0.409652,0.566383,
0.404615,0.562593,
0.399747,0.558948,
0.395041,0.555443,
0.390488,0.552067,
0.386082,0.548816,
0.381816,0.545681,
0.377684,0.542657,
0.373680,0.539739,
0.369797,0.536920,
0.366032,0.534196,
0.362378,0.531562,
0.358832,0.529013,
0.355388,0.526547,
0.352043,0.524158,
0.348791,0.521844,
0.683552,-1.055944,
0.698227,-1.087213,
0.713130,-1.120929,
0.728174,-1.157306,
0.743251,-1.196563,
0.758226,-1.238920,
0.772934,-1.284588,
0.845100,2.005424,
0.850162,1.929263,
0.852313,1.853307,
0.851630,1.778420,
0.848276,1.705391,
0.842478,1.634897,
0.834517,1.567466,
0.824697,1.503474,
0.813333,1.443146,
0.800731,1.386577,
0.787178,1.333756,
0.772934,1.284588,
0.758226,1.238920,
0.743251,1.196563,
0.728174,1.157306,
0.713130,1.120929,
0.698227,1.087213,
0.683552,1.055944,
0.669171,1.026921,
0.655133,0.999954,
0.641474,0.974867,
0.628218,0.951498,
0.615380,0.929701,
0.602968,0.909340,
0.590984,0.890294,
0.579424,0.872451,
0.568284,0.855712,
0.557553,0.839985,
0.547222,0.825189,
0.537279,0.811250,
0.527709,0.798099,
0.518500,0.785676,
0.509639,0.773927,
0.501110,0.762799,
0.492901,0.752249,
0.484997,0.742234,
0.477386,0.732717,
0.470054,0.723662,
0.462989,0.715039,
0.456180,0.706818,
0.449614,0.698973,
0.443280,0.691480,
0.437169,0.684316,
0.431270,0.677460,
0.425572,0.670895,
0.420069,0.664602,
0.414749,0.658565,
0.409607,0.652769,
0.404632,0.647201,
0.399819,0.641847,
0.395160,0.636696,
0.390648,0.631737,
0.386277,0.626960,
0.382041,0.622354,
0.377934,0.617911,
0.373950,0.613623,
0.370086,0.609482,
0.366335,0.605480,
0.362693,0.601611,
0.359156,0.597869,
0.355719,0.594246,
0.352378,0.590739,
0.349130,0.587341,
0.345971,0.584047,
0.342898,0.580853,
0.339907,0.577755,
0.609690,-1.147681,
0.619967,-1.177117,
0.630261,-1.208335,
0.640511,-1.241434,
0.650641,-1.276511,
0.660563,-1.313653,
0.670177,-1.352938,
0.717569,1.918383,
0.720163,1.859791,
0.721049,1.801793,
0.720293,1.744763,
0.717991,1.689034,
0.714266,1.634897,
0.709255,1.582586,
0.703107,1.532282,
0.695977,1.484110,
0.688016,1.438146,
0.679370,1.394424,
0.670177,1.352938,
0.660563,1.313653,
0.650641,1.276511,
0.640511,1.241434,
0.630261,1.208335,
0.619967,1.177117,
0.609690,1.147681,
0.599486,1.119925,
0.589396,1.093748,
0.579456,1.069053,
0.569695,1.045745,
0.560135,1.023733,
0.550790,1.002932,
0.541674,0.983261,
0.532794,0.964645,
0.524156,0.947012,
0.515762,0.930298,
0.507611,0.914440,
0.499703,0.899383,
0.492034,0.885073,
0.484601,0.871461,
0.477398,0.858502,
0.470421,0.846155,
0.463663,0.834380,
0.457118,0.823142,
0.450780,0.812408,
0.444642,0.802146,
0.438697,0.792328,
0.432939,0.782929,
0.427361,0.773922,
0.421957,0.765286,
0.416721,0.756999,
0.411645,0.749041,
0.406725,0.741395,
0.401954,0.734043,
0.397327,0.726969,
0.392839,0.720158,
0.388483,0.713597,
0.384255,0.707273,
0.380151,0.701173,
0.376165,0.695287,
0.372293,0.689603,
0.368530,0.684112,
0.364874,0.678804,
0.361318,0.673670,
0.357861,0.668703,
0.354498,0.663895,
0.351225,0.659238,
0.348040,0.654726,
0.344939,0.650352,
0.341919,0.646110,
0.338978,0.641994,
0.336111,0.637999,
0.333318,0.634119,
0.330595,0.630351,
0.546513,-1.215858,
0.553705,-1.243018,
0.560826,-1.271491,
0.567831,-1.301326,
0.574670,-1.332565,
0.581289,-1.365244,
0.587624,-1.399391,
0.617383,1.863867,
0.619055,1.816554,
0.619666,1.769822,
0.619260,1.723859,
0.617892,1.678834,
0.615630,1.634897,
0.612547,1.592171,
0.608722,1.550755,
0.604237,1.510727,
0.599173,1.472138,
0.593610,1.435021,
0.587624,1.399391,
0.581289,1.365244,
0.574670,1.332565,
0.567831,1.301326,
0.560826,1.271491,
0.553705,1.243018,
0.546513,1.215858,
0.539288,1.189959,
0.532064,1.165269,
0.524870,1.141733,
0.517729,1.119295,
0.510664,1.097903,
0.503690,1.077502,
0.496822,1.058042,
0.490072,1.039472,
0.483447,1.021745,
0.476956,1.004814,
0.470602,0.988638,
0.464390,0.973173,
0.458322,0.958382,
0.452399,0.944227,
0.446621,0.930673,
0.440987,0.917688,
0.435498,0.905240,
0.430150,0.893301,
0.424941,0.881843,
0.419870,0.870841,
0.414934,0.860269,
0.410129,0.850107,
0.405452,0.840332,
0.400900,0.830924,
0.396471,0.821866,
0.392160,0.813138,
0.387964,0.804725,
0.383880,0.796610,
0.379904,0.788780,
0.376034,0.781221,
0.372265,0.773919,
0.368596,0.766862,
0.365022,0.760040,
0.361541,0.753440,
0.358150,0.747053,
0.354846,0.740870,
0.351625,0.734880,
0.348486,0.729076,
0.345426,0.723450,
0.342442,0.717993,
0.339532,0.712698,
0.336693,0.707560,
0.333923,0.702570,
0.331220,0.697723,
0.328582,0.693013,
0.326006,0.688435,
0.323491,0.683984,
0.321035,0.679653,
0.493080,-1.268070,
0.498122,-1.292996,
0.503061,-1.318913,
0.507866,-1.345843,
0.512503,-1.373807,
0.516937,-1.402817,
0.521130,-1.432883,
0.538789,1.826718,
0.540118,1.787153,
0.540750,1.748086,
0.540715,1.709625,
0.540046,1.671867,
0.538780,1.634897,
0.536959,1.598788,
0.534629,1.563602,
0.531834,1.529386,
0.528622,1.496179,
0.525039,1.464006,
0.521130,1.432883,
0.516937,1.402817,
0.512503,1.373807,
0.507866,1.345843,
0.503061,1.318913,
0.498122,1.292996,
0.493080,1.268070,
0.487961,1.244107,
0.482790,1.221080,
0.477589,1.198957,
0.472378,1.177706,
0.467173,1.157296,
0.461990,1.137692,
0.456841,1.118864,
0.451737,1.100777,
0.446688,1.083400,
0.441703,1.066702,
0.436786,1.050654,
0.431944,1.035224,
0.427182,1.020386,
0.422503,1.006112,
0.417908,0.992376,
0.413402,0.979153,
0.408984,0.966419,
0.404656,0.954152,
0.400417,0.942329,
0.396269,0.930931,
0.392210,0.919937,
0.388240,0.909329,
0.384358,0.899089,
0.380563,0.889201,
0.376854,0.879648,
0.373229,0.870416,
0.369686,0.861489,
0.366225,0.852855,
0.362843,0.844500,
0.359539,0.836413,
0.356311,0.828581,
0.353157,0.820993,
0.350076,0.813640,
0.347065,0.806511,
0.344123,0.799597,
0.341249,0.792889,
0.338439,0.786378,
0.335694,0.780057,
0.333010,0.773917,
0.330387,0.767952,
0.327822,0.762154,
0.325314,0.756517,
0.322862,0.751035,
0.320463,0.745701,
0.318117,0.740510,
0.315823,0.735457,
0.313577,0.730537,
0.311380,0.725744,
0.447929,-1.309130,
0.451463,-1.332021,
0.454887,-1.355676,
0.458181,-1.380107,
0.461321,-1.405323,
0.464285,-1.431328,
0.474762,1.834141,
0.476457,1.799846,
0.477660,1.765896,
0.478385,1.732363,
0.478650,1.699313,
0.478475,1.666807,
0.477882,1.634897,
0.476898,1.603631,
0.475549,1.573049,
0.473861,1.543184,
0.471863,1.514062,
0.469583,1.485704,
0.467048,1.458123,
0.464285,1.431328,
0.461321,1.405323,
0.458181,1.380107,
0.454887,1.355676,
0.451463,1.332021,
0.447929,1.309130,
0.444304,1.286991,
0.440606,1.265588,
0.436851,1.244903,
0.433054,1.224917,
0.429229,1.205611,
0.425388,1.186964,
0.421540,1.168956,
0.417697,1.151564,
0.413866,1.134769,
0.410055,1.118549,
0.406270,1.102883,
0.402518,1.087751,
0.398802,1.073131,
0.395129,1.059005,
0.391500,1.045354,
0.387920,1.032158,
0.384390,1.019399,
0.380912,1.007061,
0.377489,0.995126,
0.374122,0.983578,
0.370811,0.972401,
0.367557,0.961581,
0.364361,0.951103,
0.361222,0.940953,
0.358141,0.931119,
0.355118,0.921587,
0.352153,0.912346,
0.349244,0.903383,
0.346391,0.894688,
0.343594,0.886250,
0.340851,0.878060,
0.338163,0.870107,
0.335529,0.862382,
0.332946,0.854876,
0.330415,0.847582,
0.327935,0.840491,
0.325504,0.833595,
0.323122,0.826887,
0.320787,0.820360,
0.318499,0.814007,
0.316257,0.807822,
0.314059,0.801799,
0.311905,0.795932,
0.309794,0.790216,
0.307724,0.784644,
0.305695,0.779212,
0.303705,0.773916,
0.301755,0.768749,
0.409617,-1.342164,
0.412080,-1.363249,
0.414439,-1.384938,
0.416678,-1.407236,
0.418783,-1.430146,
0.420737,-1.453669,
0.424769,1.809540,
0.426279,1.779532,
0.427437,1.749824,
0.428255,1.720466,
0.428741,1.691499,
0.428910,1.662964,
0.428776,1.634897,
0.428355,1.607329,
0.427662,1.580288,
0.426715,1.553798,
0.425531,1.527877,
0.424129,1.502541,
0.422525,1.477802,
0.420737,1.453669,
0.418783,1.430146,
0.416678,1.407236,
0.414439,1.384938,
0.412080,1.363249,
0.409617,1.342164,
0.407062,1.321677,
0.404429,1.301778,
0.401730,1.282458,
0.398975,1.263705,
0.396175,1.245509,
0.393340,1.227855,
0.390477,1.210731,
0.387595,1.194122,
0.384702,1.178014,
0.381803,1.162394,
0.378904,1.147246,
0.376011,1.132556,
0.373129,1.118310,
0.370262,1.104493,
0.367412,1.091092,
0.364585,1.078092,
0.361782,1.065480,
0.359006,1.053242,
0.356260,1.041366,
0.353544,1.029839,
0.350862,1.018650,
0.348213,1.007785,
0.345600,0.997233,
0.343023,0.986984,
0.340483,0.977026,
0.337980,0.967350,
0.335515,0.957945,
0.333088,0.948801,
0.330699,0.939910,
0.328349,0.931262,
0.326036,0.922849,
0.323762,0.914662,
0.321526,0.906694,
0.319327,0.898936,
0.317166,0.891382,
0.315042,0.884025,
0.312954,0.876856,
0.310902,0.869871,
0.308886,0.863063,
0.306905,0.856426,
0.304959,0.849953,
0.303047,0.843640,
0.301168,0.837481,
0.299322,0.831471,
0.297509,0.825605,
0.295727,0.819879,
0.293977,0.814287,
0.292257,0.808825,
0.376898,-1.369260,
0.378590,-1.388758,
0.380187,-1.408743,
0.381678,-1.429217,
0.383054,-1.450180,
0.384302,-1.471630,
0.383856,1.790303,
0.385257,1.763647,
0.386399,1.737253,
0.387289,1.711152,
0.387933,1.685374,
0.388340,1.659948,
0.388520,1.634897,
0.388482,1.610245,
0.388237,1.586011,
0.387796,1.562213,
0.387170,1.538865,
0.386371,1.515979,
0.385411,1.493565,
0.384302,1.471630,
0.383054,1.450180,
0.381678,1.429217,
0.380187,1.408743,
0.378590,1.388758,
0.376898,1.369260,
0.375120,1.350245,
0.373265,1.331709,
0.371343,1.313646,
0.369361,1.296050,
0.367328,1.278914,
0.365251,1.262229,
0.363136,1.245986,
0.360990,1.230177,
0.358819,1.214792,
0.356629,1.199821,
0.354423,1.185254,
0.352207,1.171081,
0.349985,1.157292,
0.347761,1.143876,
0.345538,1.130823,
0.343320,1.118122,
0.341109,1.105764,
0.338908,1.093739,
0.336719,1.082036,
0.334544,1.070645,
0.332385,1.059559,
0.330244,1.048766,
0.328122,1.038258,
0.326020,1.028026,
0.323940,1.018061,
0.321882,1.008355,
0.319847,0.998900,
0.317836,0.989687,
0.315850,0.980709,
0.313889,0.971959,
0.311953,0.963429,
0.310042,0.955113,
0.308157,0.947002,
0.306299,0.939092,
0.304466,0.931375,
0.302659,0.923845,
0.300878,0.916497,
0.299123,0.909325,
0.297394,0.902323,
0.295691,0.895486,
0.294013,0.888809,
0.292361,0.882286,
0.290733,0.875914,
0.289131,0.869687,
0.287553,0.863600,
0.285999,0.857651,
0.284469,0.851834,
0.282963,0.846146,
0.348748,-1.391856,
0.349878,-1.409962,
0.350923,-1.428468,
0.351875,-1.447373,
0.352728,-1.466677,
0.353473,-1.486377,
0.349898,1.774858,
0.351227,1.750893,
0.352360,1.727154,
0.353300,1.703664,
0.354053,1.680445,
0.354624,1.657516,
0.355020,1.634897,
0.355247,1.612603,
0.355311,1.590650,
0.355222,1.569049,
0.354985,1.547813,
0.354610,1.526950,
0.354103,1.506469,
0.353473,1.486377,
0.352728,1.466677,
0.351875,1.447373,
0.350923,1.428468,
0.349878,1.409962,
0.348748,1.391856,
0.347540,1.374147,
0.346261,1.356833,
0.344917,1.339912,
0.343515,1.323380,
0.342060,1.307232,
0.340558,1.291463,
0.339015,1.276067,
0.337435,1.261039,
0.335823,1.246372,
0.334184,1.232058,
0.332521,1.218092,
0.330839,1.204466,
0.329142,1.191172,
0.327431,1.178204,
0.325711,1.165553,
0.323985,1.153211,
0.322254,1.141172,
0.320522,1.129428,
0.318791,1.117970,
0.317062,1.106793,
0.315338,1.095887,
0.313620,1.085246,
0.311909,1.074863,
0.310208,1.064730,
0.308517,1.054841,
0.306837,1.045189,
0.305170,1.035766,
0.303516,1.026568,
0.301876,1.017586,
0.300251,1.008816,
0.298641,1.000251,
0.297048,0.991884,
0.295470,0.983711,
0.293910,0.975726,
0.292366,0.967923,
0.290840,0.960298,
0.289332,0.952844,
0.287841,0.945557,
0.286369,0.938433,
0.284914,0.931466,
0.283477,0.924652,
0.282059,0.917987,
0.280659,0.911467,
0.279276,0.905086,
0.277912,0.898842,
0.276566,0.892731,
0.275237,0.886748,
0.273927,0.880891,
0.324347,-1.410968,
0.325061,-1.427851,
0.325700,-1.445067,
0.326259,-1.462613,
0.326732,-1.480490,
0.319909,1.784131,
0.321340,1.762191,
0.322616,1.740429,
0.323739,1.718864,
0.324712,1.697513,
0.325538,1.676392,
0.326222,1.655515,
0.326767,1.634897,
0.327178,1.614550,
0.327459,1.594484,
0.327617,1.574711,
0.327656,1.555238,
0.327581,1.536074,
0.327399,1.517224,
0.327114,1.498695,
0.326732,1.480490,
0.326259,1.462613,
0.325700,1.445067,
0.325061,1.427851,
0.324347,1.410968,
0.323563,1.394418,
0.322714,1.378198,
0.321805,1.362308,
0.320840,1.346745,
0.319825,1.331507,
0.318764,1.316590,
0.317660,1.301991,
0.316518,1.287706,
0.315341,1.273731,
0.314134,1.260060,
0.312898,1.246690,
0.311639,1.233614,
0.310358,1.220827,
0.309058,1.208324,
0.307743,1.196100,
0.306414,1.184149,
0.305074,1.172464,
0.303725,1.161041,
0.302369,1.149873,
0.301008,1.138955,
0.299643,1.128281,
0.298277,1.117845,
0.296910,1.107642,
0.295545,1.097665,
0.294182,1.087910,
0.292822,1.078371,
0.291467,1.069042,
0.290118,1.059918,
0.288775,1.050994,
0.287439,1.042265,
0.286111,1.033725,
0.284792,1.025370,
0.283482,1.017196,
0.282181,1.009197,
0.280891,1.001368,
0.279612,0.993706,
0.278343,0.986205,
0.277086,0.978862,
0.275841,0.971673,
0.274607,0.964633,
0.273386,0.957739,
0.272177,0.950986,
0.270980,0.944371,
0.269796,0.937891,
0.268625,0.931541,
0.267466,0.925319,
0.266320,0.919220,
0.265187,0.913243,
0.303039,-1.427335,
0.303442,-1.443137,
0.303780,-1.459220,
0.304047,-1.475582,
0.304241,-1.492221,
0.295684,1.771700,
0.297039,1.751616,
0.298271,1.731691,
0.299381,1.711939,
0.300372,1.692371,
0.301246,1.673001,
0.302005,1.653839,
0.302653,1.634897,
0.303193,1.616184,
0.303628,1.597708,
0.303961,1.579477,
0.304197,1.561499,
0.304339,1.543779,
0.304391,1.526324,
0.304357,1.509136,
0.304241,1.492221,
0.304047,1.475582,
0.303780,1.459220,
0.303442,1.443137,
0.303039,1.427335,
0.302573,1.411813,
0.302049,1.396572,
0.301470,1.381610,
0.300840,1.366928,
0.300162,1.352523,
0.299440,1.338393,
0.298677,1.324536,
0.297876,1.310949,
0.297040,1.297629,
0.296172,1.284574,
0.295274,1.271779,
0.294350,1.259241,
0.293402,1.246956,
0.292432,1.234921,
0.291443,1.223130,
0.290436,1.211580,
0.289413,1.200267,
0.288377,1.189186,
0.287329,1.178332,
0.286271,1.167702,
0.285204,1.157290,
0.284130,1.147093,
0.283051,1.137105,
0.281967,1.127322,
0.280880,1.117741,
0.279791,1.108355,
0.278700,1.099162,
0.277610,1.090157,
0.276520,1.081334,
0.275432,1.072691,
0.274347,1.064224,
0.273265,1.055927,
0.272186,1.047797,
0.271112,1.039830,
0.270043,1.032022,
0.268979,1.024370,
0.267921,1.016869,
0.266869,1.009516,
0.265824,1.002307,
0.264786,0.995240,
0.263756,0.988310,
0.262733,0.981514,
0.261718,0.974849,
0.260711,0.968312,
0.259713,0.961899,
0.258723,0.955609,
0.257742,0.949436,
0.256769,0.943380,
0.284301,-1.441499,
0.284470,-1.456343,
0.284582,-1.471427,
0.284632,-1.486748,
0.284618,-1.502306,
0.274845,1.761170,
0.276138,1.742658,
0.277331,1.724286,
0.278426,1.706067,
0.279424,1.688009,
0.280327,1.670122,
0.281136,1.652415,
0.281855,1.634897,
0.282484,1.617575,
0.283027,1.600455,
0.283486,1.583544,
0.283863,1.566848,
0.284163,1.550373,
0.284386,1.534121,
0.284537,1.518098,
0.284618,1.502306,
0.284632,1.486748,
0.284582,1.471427,
0.284470,1.456343,
0.284301,1.441499,
0.284077,1.426895,
0.283800,1.412532,
0.283474,1.398408,
0.283101,1.384524,
0.282684,1.370879,
0.282226,1.357472,
0.281729,1.344301,
0.281195,1.331365,
0.280628,1.318661,
0.280028,1.306188,
0.279399,1.293942,
0.278743,1.281921,
0.278062,1.270124,
0.277357,1.258545,
0.276631,1.247183,
0.275885,1.236035,
0.275122,1.225096,
0.274342,1.214364,
0.273547,1.203836,
0.272739,1.193507,
0.271919,1.183375,
0.271088,1.173436,
0.270249,1.163686,
0.269401,1.154122,
0.268545,1.144740,
0.267684,1.135536,
0.266818,1.126508,
0.265948,1.117652,
0.265075,1.108963,
0.264199,1.100439,
0.263322,1.092076,
0.262443,1.083871,
0.261565,1.075821,
0.260686,1.067921,
0.259809,1.060170,
0.258933,1.052563,
0.258059,1.045098,
0.257188,1.037771,
0.256319,1.030579,
0.255454,1.023520,
0.254592,1.016591,
0.253734,1.009788,
0.252881,1.003108,
0.252032,0.996550,
0.251188,0.990110,
0.250349,0.983785,
0.249515,0.977574,
0.248687,0.971472,
0.267717,-1.453874,
0.267708,-1.467864,
0.267647,-1.482060,
0.267533,-1.496461,
0.255429,1.769422,
0.256750,1.752139,
0.257990,1.734972,
0.259147,1.717932,
0.260224,1.701025,
0.261221,1.684262,
0.262139,1.667648,
0.262981,1.651191,
0.263746,1.634897,
0.264438,1.618773,
0.265057,1.602824,
0.265605,1.587056,
0.266086,1.571472,
0.266500,1.556078,
0.266849,1.540877,
0.267137,1.525871,
0.267364,1.511065,
0.267533,1.496461,
0.267647,1.482060,
0.267708,1.467864,
0.267717,1.453874,
0.267677,1.440092,
0.267591,1.426517,
0.267460,1.413151,
0.267286,1.399992,
0.267072,1.387042,
0.266820,1.374298,
0.266532,1.361760,
0.266209,1.349427,
0.265854,1.337298,
0.265468,1.325371,
0.265054,1.313644,
0.264613,1.302116,
0.264146,1.290784,
0.263656,1.279647,
0.263144,1.268702,
0.262611,1.257947,
0.262059,1.247379,
0.261489,1.236995,
0.260903,1.226794,
0.260301,1.216772,
0.259686,1.206927,
0.259058,1.197256,
0.258419,1.187756,
0.257768,1.178425,
0.257109,1.169258,
0.256440,1.160255,
0.255764,1.151411,
0.255081,1.142724,
0.254392,1.134191,
0.253697,1.125809,
0.252998,1.117575,
0.252295,1.109487,
0.251589,1.101541,
0.250880,1.093736,
0.250169,1.086067,
0.249457,1.078533,
0.248743,1.071131,
0.248029,1.063858,
0.247315,1.056712,
0.246602,1.049690,
0.245889,1.042789,
0.245177,1.036007,
0.244466,1.029342,
0.243758,1.022791,
0.243051,1.016351,
0.242346,1.010022,
0.241645,1.003799,
0.240946,0.997681,
0.252949,-1.464775,
0.252803,-1.477999,
0.252612,-1.491403,
0.252374,-1.504985,
0.239644,1.760415,
0.240904,1.744308,
0.242097,1.728307,
0.243221,1.712419,
0.244277,1.696650,
0.245267,1.681008,
0.246192,1.665498,
0.247051,1.650126,
0.247847,1.634897,
0.248581,1.619816,
0.249253,1.604889,
0.249866,1.590118,
0.250421,1.575508,
0.250918,1.561063,
0.251361,1.546786,
0.251750,1.532678,
0.252087,1.518744,
0.252374,1.504985,
0.252612,1.491403,
0.252803,1.477999,
0.252949,1.464775,
0.253051,1.451731,
0.253112,1.438869,
0.253132,1.426189,
0.253114,1.413690,
0.253060,1.401373,
0.252970,1.389238,
0.252846,1.377283,
0.252691,1.365509,
0.252505,1.353915,
0.252290,1.342499,
0.252048,1.331260,
0.251780,1.320197,
0.251487,1.309309,
0.251170,1.298594,
0.250832,1.288050,
0.250473,1.277675,
0.250095,1.267468,
0.249698,1.257426,
0.249284,1.247549,
0.248854,1.237832,
0.248409,1.228275,
0.247950,1.218876,
0.247478,1.209631,
0.246994,1.200539,
0.246498,1.191597,
0.245993,1.182804,
0.245477,1.174156,
0.244953,1.165652,
0.244421,1.157289,
0.243881,1.149064,
0.243335,1.140977,
0.242783,1.133023,
0.242226,1.125201,
0.241663,1.117508,
0.241097,1.109943,
0.240526,1.102502,
0.239953,1.095184,
0.239376,1.087987,
0.238797,1.080907,
0.238217,1.073944,
0.237634,1.067094,
0.237051,1.060356,
0.236467,1.053728,
0.235882,1.047207,
0.235298,1.040792,
0.234713,1.034479,
0.234129,1.028269,
0.233545,1.022157,
0.239724,-1.474448,
0.239473,-1.486983,
0.239182,-1.499676,
0.238849,-1.512526,
0.225714,1.752533,
0.226922,1.737454,
0.228071,1.722472,
0.229163,1.707591,
0.230198,1.692817,
0.231178,1.678156,
0.232101,1.663613,
0.232969,1.649192,
0.233784,1.634897,
0.234545,1.620733,
0.235254,1.606704,
0.235912,1.592812,
0.236520,1.579062,
0.237079,1.565456,
0.237590,1.551997,
0.238055,1.538688,
0.238474,1.525530,
0.238849,1.512526,
0.239182,1.499676,
0.239473,1.486983,
0.239724,1.474448,
0.239937,1.462072,
0.240111,1.449855,
0.240250,1.437797,
0.240354,1.425900,
0.240425,1.414164,
0.240463,1.402587,
0.240471,1.391171,
0.240449,1.379914,
0.240398,1.368817,
0.240320,1.357877,
0.240217,1.347096,
0.240089,1.336471,
0.239937,1.326002,
0.239762,1.315688,
0.239566,1.305527,
0.239350,1.295517,
0.239114,1.285659,
0.238860,1.275949,
0.238589,1.266387,
0.238301,1.256970,
0.237998,1.247698,
0.237680,1.238568,
0.237348,1.229579,
0.237004,1.220729,
0.236647,1.212015,
0.236279,1.203437,
0.235900,1.194992,
0.235511,1.186679,
0.235112,1.178495,
0.234705,1.170438,
0.234290,1.162507,
0.233868,1.154700,
0.233438,1.147014,
0.233002,1.139448,
0.232561,1.132000,
0.232114,1.124668,
0.231662,1.117450,
0.231205,1.110343,
0.230745,1.103348,
0.230281,1.096460,
0.229813,1.089679,
0.229343,1.083002,
0.228870,1.076429,
0.228396,1.069956,
0.227919,1.063583,
0.227441,1.057307,
0.226961,1.051126,
0.226481,1.045040,
0.227820,-1.483089,
0.227488,-1.495001,
0.227120,-1.507052,
0.226715,-1.519242,
0.213338,1.745579,
0.214498,1.731406,
0.215608,1.717321,
0.216670,1.703328,
0.217683,1.689432,
0.218648,1.675637,
0.219565,1.661947,
0.220436,1.648366,
0.221260,1.634897,
0.222038,1.621545,
0.222771,1.608312,
0.223461,1.595201,
0.224106,1.582215,
0.224709,1.569357,
0.225271,1.556628,
0.225792,1.544032,
0.226273,1.531569,
0.226715,1.519242,
0.227120,1.507052,
0.227488,1.495001,
0.227820,1.483089,
0.228118,1.471317,
0.228382,1.459686,
0.228614,1.448197,
0.228814,1.436850,
0.228983,1.425645,
0.229124,1.414583,
0.229236,1.403663,
0.229320,1.392885,
0.229378,1.382249,
0.229411,1.371755,
0.229420,1.361401,
0.229405,1.351188,
0.229368,1.341115,
0.229309,1.331180,
0.229230,1.321382,
0.229131,1.311722,
0.229013,1.302197,
0.228877,1.292807,
0.228724,1.283550,
0.228555,1.274425,
0.228370,1.265431,
0.228170,1.256567,
0.227956,1.247830,
0.227729,1.239220,
0.227489,1.230735,
0.227238,1.222373,
0.226974,1.214134,
0.226700,1.206015,
0.226416,1.198014,
0.226123,1.190132,
0.225820,1.182364,
0.225509,1.174711,
0.225190,1.167170,
0.224863,1.159740,
0.224530,1.152420,
0.224190,1.145207,
0.223843,1.138100,
0.223492,1.131097,
0.223135,1.124197,
0.222773,1.117398,
0.222406,1.110698,
0.222036,1.104097,
0.221661,1.097592,
0.221283,1.091182,
0.220902,1.084865,
0.220518,1.078640,
0.220132,1.072505,
0.219743,1.066459,
0.217054,-1.490852,
0.216659,-1.502199,
0.216232,-1.513669,
0.201115,1.752842,
0.202274,1.739398,
0.203391,1.726030,
0.204465,1.712742,
0.205497,1.699537,
0.206488,1.686420,
0.207437,1.673394,
0.208345,1.660463,
0.209212,1.647630,
0.210039,1.634897,
0.210827,1.622268,
0.211575,1.609746,
0.212285,1.597333,
0.212957,1.585031,
0.213591,1.572843,
0.214190,1.560770,
0.214752,1.548815,
0.215279,1.536978,
0.215773,1.525263,
0.216232,1.513669,
0.216659,1.502199,
0.217054,1.490852,
0.217418,1.479630,
0.217752,1.468535,
0.218056,1.457565,
0.218332,1.446722,
0.218580,1.436006,
0.218802,1.425418,
0.218997,1.414957,
0.219167,1.404623,
0.219313,1.394416,
0.219435,1.384336,
0.219535,1.374383,
0.219613,1.364556,
0.219669,1.354854,
0.219705,1.345278,
0.219722,1.335826,
0.219720,1.326497,
0.219699,1.317291,
0.219661,1.308207,
0.219607,1.299244,
0.219536,1.290401,
0.219450,1.281677,
0.219350,1.273071,
0.219235,1.264581,
0.219107,1.256207,
0.218966,1.247948,
0.218813,1.239802,
0.218648,1.231767,
0.218472,1.223843,
0.218286,1.216029,
0.218089,1.208322,
0.217883,1.200722,
0.217668,1.193228,
0.217444,1.185837,
0.217212,1.178549,
0.216972,1.171363,
0.216725,1.164276,
0.216471,1.157288,
0.216210,1.150397,
0.215943,1.143602,
0.215671,1.136901,
0.215393,1.130293,
0.215110,1.123777,
0.214822,1.117352,
0.214529,1.111015,
0.214233,1.104766,
0.213932,1.098603,
0.213628,1.092526,
0.213321,1.086532,
